npm verbose cli /Users/mac/.nvm/versions/node/v23.7.0/bin/node /Users/mac/.nvm/versions/node/v23.7.0/bin/npm
npm info using npm@11.4.2
npm info using node@v23.7.0
npm verbose title npm install
npm verbose argv "install" "--loglevel" "verbose"
npm verbose logfile logs-max:10 dir:/Users/mac/.npm/_logs/2026-06-06T10_31_46_472Z-
npm verbose logfile /Users/mac/.npm/_logs/2026-06-06T10_31_46_472Z-debug-0.log
npm http cache https://registry.npmjs.org/@react-native%2fnew-app-screen 7ms (cache hit)
npm http cache https://registry.npmjs.org/@types%2freact 7ms (cache hit)
npm http cache https://registry.npmjs.org/react 15ms (cache hit)
npm http cache https://registry.npmjs.org/react-native 42ms (cache hit)
npm http cache https://registry.npmjs.org/@react-native%2fjest-preset 6ms (cache hit)
npm http cache https://registry.npmjs.org/lottie-react-native 2ms (cache hit)
npm http cache https://registry.npmjs.org/@lottiefiles%2fdotlottie-react 4ms (cache hit)
npm http cache https://registry.npmjs.org/react-native-windows 17ms (cache hit)
npm http cache https://registry.npmjs.org/react-native 29ms (cache hit)
npm http cache https://registry.npmjs.org/@types%2freact 5ms (cache hit)
npm http cache https://registry.npmjs.org/react 9ms (cache hit)
npm http cache https://registry.npmjs.org/lucide-react-native 7ms (cache hit)
npm http cache https://registry.npmjs.org/react-native-svg 13ms (cache hit)
npm http cache https://registry.npmjs.org/react-native-safe-area-context 4ms (cache hit)
npm http cache https://registry.npmjs.org/@babel%2fcore 4ms (cache hit)
npm http cache https://registry.npmjs.org/@babel%2fpreset-env 4ms (cache hit)
npm http cache https://registry.npmjs.org/@babel%2fruntime 5ms (cache hit)
npm http cache https://registry.npmjs.org/@react-native-community%2fcli 5ms (cache hit)
npm http cache https://registry.npmjs.org/@react-native-community%2fcli-platform-android 4ms (cache hit)
npm http cache https://registry.npmjs.org/@react-native-community%2fcli-platform-ios 3ms (cache hit)
npm http cache https://registry.npmjs.org/@react-native%2fbabel-preset 10ms (cache hit)
npm http cache https://registry.npmjs.org/@react-native%2feslint-config 9ms (cache hit)
npm http cache https://registry.npmjs.org/eslint 7ms (cache hit)
npm http cache https://registry.npmjs.org/prettier 3ms (cache hit)
npm http cache https://registry.npmjs.org/@react-native%2fmetro-config 6ms (cache hit)
npm http cache https://registry.npmjs.org/@react-native%2ftypescript-config 8ms (cache hit)
npm http cache https://registry.npmjs.org/@types%2fjest 4ms (cache hit)
npm http cache https://registry.npmjs.org/@types%2freact-test-renderer 2ms (cache hit)
npm http cache https://registry.npmjs.org/jest 3ms (cache hit)
npm http cache https://registry.npmjs.org/node-notifier 2ms (cache hit)
npm http cache https://registry.npmjs.org/react-test-renderer 10ms (cache hit)
npm http cache https://registry.npmjs.org/typescript 26ms (cache hit)
npm http cache https://registry.npmjs.org/@babel%2fcode-frame 6ms (cache hit)
npm http cache https://registry.npmjs.org/@babel%2fgenerator 7ms (cache hit)
npm http cache https://registry.npmjs.org/@babel%2fhelpers 9ms (cache hit)
npm http cache https://registry.npmjs.org/@babel%2fhelper-compilation-targets 11ms (cache hit)
npm http cache https://registry.npmjs.org/@babel%2fhelper-module-transforms 13ms (cache hit)
npm http cache https://registry.npmjs.org/@babel%2fparser 15ms (cache hit)
npm http cache https://registry.npmjs.org/@babel%2ftemplate 21ms (cache hit)
npm http cache https://registry.npmjs.org/@jridgewell%2fremapping 13ms (cache hit)
npm http cache https://registry.npmjs.org/@babel%2ftypes 17ms (cache hit)
npm http cache https://registry.npmjs.org/convert-source-map 17ms (cache hit)
npm http cache https://registry.npmjs.org/@babel%2ftraverse 25ms (cache hit)
npm http cache https://registry.npmjs.org/gensync 14ms (cache hit)
npm http cache https://registry.npmjs.org/debug 23ms (cache hit)
npm http cache https://registry.npmjs.org/json5 19ms (cache hit)
npm http cache https://registry.npmjs.org/@babel%2fhelper-validator-option 30ms (cache hit)
npm http cache https://registry.npmjs.org/semver 41ms (cache hit)
npm http cache https://registry.npmjs.org/@babel%2fcompat-data 47ms (cache hit)
npm http cache https://registry.npmjs.org/@babel%2fplugin-bugfix-firefox-class-in-computed-class-key 44ms (cache hit)
npm http cache https://registry.npmjs.org/@babel%2fhelper-plugin-utils 52ms (cache hit)
npm http cache https://registry.npmjs.org/@babel%2fplugin-bugfix-safari-class-field-initializer-scope 45ms (cache hit)
npm http cache https://registry.npmjs.org/@babel%2fplugin-bugfix-safari-id-destructuring-collision-in-function-expression 44ms (cache hit)
npm http cache https://registry.npmjs.org/@babel%2fplugin-bugfix-safari-rest-destructuring-rhs-array 47ms (cache hit)
npm http cache https://registry.npmjs.org/@babel%2fplugin-bugfix-v8-static-class-fields-redefine-readonly 33ms (cache hit)
npm http cache https://registry.npmjs.org/@babel%2fplugin-proposal-private-property-in-object 31ms (cache hit)
npm http cache https://registry.npmjs.org/@babel%2fplugin-bugfix-v8-spread-parameters-in-optional-chaining 39ms (cache hit)
npm http cache https://registry.npmjs.org/@babel%2fplugin-syntax-import-attributes 26ms (cache hit)
npm http cache https://registry.npmjs.org/@babel%2fplugin-syntax-import-assertions 32ms (cache hit)
npm http cache https://registry.npmjs.org/@babel%2fplugin-syntax-unicode-sets-regex 31ms (cache hit)
npm http cache https://registry.npmjs.org/@babel%2fplugin-transform-arrow-functions 14ms (cache hit)
npm http cache https://registry.npmjs.org/@babel%2fplugin-transform-async-generator-functions 16ms (cache hit)
npm http cache https://registry.npmjs.org/@babel%2fplugin-transform-async-to-generator 16ms (cache hit)
npm http cache https://registry.npmjs.org/@babel%2fplugin-transform-block-scoping 17ms (cache hit)
npm http cache https://registry.npmjs.org/@babel%2fplugin-transform-block-scoped-functions 20ms (cache hit)
npm http cache https://registry.npmjs.org/@babel%2fplugin-transform-class-properties 16ms (cache hit)
npm http cache https://registry.npmjs.org/@babel%2fplugin-transform-class-static-block 17ms (cache hit)
npm http cache https://registry.npmjs.org/@babel%2fplugin-transform-classes 12ms (cache hit)
npm http cache https://registry.npmjs.org/@babel%2fplugin-transform-computed-properties 15ms (cache hit)
npm http cache https://registry.npmjs.org/@babel%2fplugin-transform-destructuring 15ms (cache hit)
npm http cache https://registry.npmjs.org/@babel%2fplugin-transform-duplicate-named-capturing-groups-regex 11ms (cache hit)
npm http cache https://registry.npmjs.org/@babel%2fplugin-transform-dotall-regex 15ms (cache hit)
npm http cache https://registry.npmjs.org/@babel%2fplugin-transform-dynamic-import 11ms (cache hit)
npm http cache https://registry.npmjs.org/@babel%2fplugin-transform-duplicate-keys 15ms (cache hit)
npm http cache https://registry.npmjs.org/@babel%2fplugin-transform-export-namespace-from 8ms (cache hit)
npm http cache https://registry.npmjs.org/@babel%2fplugin-transform-for-of 9ms (cache hit)
npm http cache https://registry.npmjs.org/@babel%2fplugin-transform-explicit-resource-management 16ms (cache hit)
npm http cache https://registry.npmjs.org/@babel%2fplugin-transform-json-strings 9ms (cache hit)
npm http cache https://registry.npmjs.org/@babel%2fplugin-transform-function-name 11ms (cache hit)
npm http cache https://registry.npmjs.org/@babel%2fplugin-transform-literals 9ms (cache hit)
npm http cache https://registry.npmjs.org/@babel%2fplugin-transform-exponentiation-operator 17ms (cache hit)
npm http cache https://registry.npmjs.org/@babel%2fplugin-transform-member-expression-literals 8ms (cache hit)
npm http cache https://registry.npmjs.org/@babel%2fplugin-transform-modules-commonjs 9ms (cache hit)
npm http cache https://registry.npmjs.org/@babel%2fplugin-transform-modules-amd 10ms (cache hit)
npm http cache https://registry.npmjs.org/@babel%2fplugin-transform-modules-umd 9ms (cache hit)
npm http cache https://registry.npmjs.org/@babel%2fplugin-transform-named-capturing-groups-regex 9ms (cache hit)
npm http cache https://registry.npmjs.org/@babel%2fplugin-transform-modules-systemjs 12ms (cache hit)
npm http cache https://registry.npmjs.org/@babel%2fplugin-transform-logical-assignment-operators 21ms (cache hit)
npm http cache https://registry.npmjs.org/@babel%2fplugin-transform-numeric-separator 11ms (cache hit)
npm http cache https://registry.npmjs.org/@babel%2fplugin-transform-nullish-coalescing-operator 13ms (cache hit)
npm http cache https://registry.npmjs.org/@babel%2fplugin-transform-object-super 10ms (cache hit)
npm http cache https://registry.npmjs.org/@babel%2fplugin-transform-new-target 17ms (cache hit)
npm http cache https://registry.npmjs.org/@babel%2fplugin-transform-optional-catch-binding 11ms (cache hit)
npm http cache https://registry.npmjs.org/@babel%2fplugin-transform-object-rest-spread 13ms (cache hit)
npm http cache https://registry.npmjs.org/@babel%2fplugin-transform-optional-chaining 9ms (cache hit)
npm http cache https://registry.npmjs.org/@babel%2fplugin-transform-private-methods 8ms (cache hit)
npm http cache https://registry.npmjs.org/@babel%2fplugin-transform-regenerator 6ms (cache hit)
npm http cache https://registry.npmjs.org/@babel%2fplugin-transform-regexp-modifiers 7ms (cache hit)
npm http cache https://registry.npmjs.org/@babel%2fplugin-transform-private-property-in-object 10ms (cache hit)
npm http cache https://registry.npmjs.org/@babel%2fplugin-transform-parameters 13ms (cache hit)
npm http cache https://registry.npmjs.org/@babel%2fplugin-transform-property-literals 11ms (cache hit)
npm http cache https://registry.npmjs.org/@babel%2fplugin-transform-reserved-words 9ms (cache hit)
npm http cache https://registry.npmjs.org/@babel%2fplugin-transform-template-literals 9ms (cache hit)
npm http cache https://registry.npmjs.org/@babel%2fplugin-transform-spread 13ms (cache hit)
npm http cache https://registry.npmjs.org/@babel%2fplugin-transform-unicode-escapes 10ms (cache hit)
npm http cache https://registry.npmjs.org/@babel%2fplugin-transform-shorthand-properties 16ms (cache hit)
npm http cache https://registry.npmjs.org/@babel%2fplugin-transform-typeof-symbol 13ms (cache hit)
npm http cache https://registry.npmjs.org/@babel%2fplugin-transform-sticky-regex 17ms (cache hit)
npm http cache https://registry.npmjs.org/@babel%2fplugin-transform-unicode-property-regex 14ms (cache hit)
npm http cache https://registry.npmjs.org/@babel%2fplugin-transform-unicode-regex 9ms (cache hit)
npm http cache https://registry.npmjs.org/@babel%2fpreset-modules 8ms (cache hit)
npm http cache https://registry.npmjs.org/babel-plugin-polyfill-regenerator 5ms (cache hit)
npm http cache https://registry.npmjs.org/babel-plugin-polyfill-corejs2 9ms (cache hit)
npm http cache https://registry.npmjs.org/@babel%2fplugin-transform-unicode-sets-regex 13ms (cache hit)
npm http cache https://registry.npmjs.org/babel-plugin-polyfill-corejs3 10ms (cache hit)
npm http cache https://registry.npmjs.org/core-js-compat 11ms (cache hit)
npm http cache https://registry.npmjs.org/@react-native-community%2fcli-doctor 10ms (cache hit)
npm http cache https://registry.npmjs.org/@react-native-community%2fcli-types 11ms (cache hit)
npm http cache https://registry.npmjs.org/@react-native-community%2fcli-server-api 27ms (cache hit)
npm http cache https://registry.npmjs.org/@react-native-community%2fcli-clean 34ms (cache hit)
npm http cache https://registry.npmjs.org/@react-native-community%2fcli-config 38ms (cache hit)
npm http cache https://registry.npmjs.org/@react-native-community%2fcli-tools 39ms (cache hit)
npm http cache https://registry.npmjs.org/execa 34ms (cache hit)
npm http cache https://registry.npmjs.org/fs-extra 25ms (cache hit)
npm http cache https://registry.npmjs.org/commander 55ms (cache hit)
npm http cache https://registry.npmjs.org/graceful-fs 31ms (cache hit)
npm http cache https://registry.npmjs.org/deepmerge 60ms (cache hit)
npm http cache https://registry.npmjs.org/find-up 44ms (cache hit)
npm http cache https://registry.npmjs.org/picocolors 34ms (cache hit)
npm http cache https://registry.npmjs.org/picocolors 14ms (cache hit)
npm http cache https://registry.npmjs.org/@react-native-community%2fcli-platform-apple 11ms (cache hit)
npm http cache https://registry.npmjs.org/prompts 30ms (cache hit)
npm http cache https://registry.npmjs.org/@react-native-community%2fcli-config-android 20ms (cache hit)
npm http cache https://registry.npmjs.org/logkitty 33ms (cache hit)
npm http cache https://registry.npmjs.org/react-refresh 31ms (cache hit)
npm http cache https://registry.npmjs.org/@babel%2fplugin-transform-runtime 57ms (cache hit)
npm http cache https://registry.npmjs.org/@babel%2fplugin-transform-typescript 48ms (cache hit)
npm http cache https://registry.npmjs.org/@babel%2fplugin-transform-react-jsx 61ms (cache hit)
npm http cache https://registry.npmjs.org/babel-plugin-syntax-hermes-parser 57ms (cache hit)
npm http cache https://registry.npmjs.org/@react-native%2fbabel-plugin-codegen 52ms (cache hit)
npm http cache https://registry.npmjs.org/babel-plugin-transform-flow-enums 64ms (cache hit)
npm http cache https://registry.npmjs.org/@babel%2fplugin-syntax-dynamic-import 26ms (cache hit)
npm http cache https://registry.npmjs.org/@babel%2fplugin-syntax-optional-chaining 20ms (cache hit)
npm http cache https://registry.npmjs.org/@babel%2fplugin-transform-flow-strip-types 13ms (cache hit)
npm http cache https://registry.npmjs.org/@babel%2fplugin-transform-react-jsx-self 19ms (cache hit)
npm http cache https://registry.npmjs.org/@babel%2fplugin-syntax-export-default-from 18ms (cache hit)
npm http cache https://registry.npmjs.org/@babel%2fplugin-transform-react-jsx-source 10ms (cache hit)
npm http cache https://registry.npmjs.org/@babel%2fplugin-proposal-export-default-from 12ms (cache hit)
npm http cache https://registry.npmjs.org/@babel%2fplugin-transform-react-display-name 13ms (cache hit)
npm http cache https://registry.npmjs.org/@babel%2fplugin-syntax-nullish-coalescing-operator 13ms (cache hit)
npm http cache https://registry.npmjs.org/eslint-plugin-react 14ms (cache hit)
npm http cache https://registry.npmjs.org/@babel%2feslint-parser 17ms (cache hit)
npm http cache https://registry.npmjs.org/eslint-plugin-jest 23ms (cache hit)
npm http cache https://registry.npmjs.org/eslint-plugin-ft-flow 30ms (cache hit)
npm http cache https://registry.npmjs.org/eslint-config-prettier 31ms (cache hit)
npm http cache https://registry.npmjs.org/eslint-plugin-react-hooks 52ms (cache hit)
npm http cache https://registry.npmjs.org/@typescript-eslint%2fparser 110ms (cache hit)
npm http cache https://registry.npmjs.org/eslint-plugin-react-native 159ms (cache hit)
npm http cache https://registry.npmjs.org/@react-native%2feslint-plugin 160ms (cache hit)
npm http cache https://registry.npmjs.org/@typescript-eslint%2feslint-plugin 169ms (cache hit)
npm http cache https://registry.npmjs.org/eslint-plugin-eslint-comments 240ms (cache hit)
npm http cache https://registry.npmjs.org/ajv 237ms (cache hit)
npm http cache https://registry.npmjs.org/ignore 102ms (cache hit)
npm http cache https://registry.npmjs.org/levn 191ms (cache hit)
npm http cache https://registry.npmjs.org/esquery 20ms (cache hit)
npm http cache https://registry.npmjs.org/chalk 115ms (cache hit)
npm http cache https://registry.npmjs.org/esutils 22ms (cache hit)
npm http cache https://registry.npmjs.org/espree 118ms (cache hit)
npm http cache https://registry.npmjs.org/globals 16ms (cache hit)
npm http cache https://registry.npmjs.org/is-glob 13ms (cache hit)
npm http cache https://registry.npmjs.org/doctrine 13ms (cache hit)
npm http cache https://registry.npmjs.org/js-yaml 15ms (cache hit)
npm http cache https://registry.npmjs.org/graphemer 15ms (cache hit)
npm http cache https://registry.npmjs.org/@eslint%2fjs 14ms (cache hit)
npm http cache https://registry.npmjs.org/minimatch 18ms (cache hit)
npm http cache https://registry.npmjs.org/optionator 15ms (cache hit)
npm http cache https://registry.npmjs.org/strip-ansi 14ms (cache hit)
npm http cache https://registry.npmjs.org/cross-spawn 12ms (cache hit)
npm http cache https://registry.npmjs.org/glob-parent 13ms (cache hit)
npm http cache https://registry.npmjs.org/text-table 16ms (cache hit)
npm http cache https://registry.npmjs.org/imurmurhash 10ms (cache hit)
npm http cache https://registry.npmjs.org/eslint-scope 8ms (cache hit)
npm http cache https://registry.npmjs.org/lodash.merge 8ms (cache hit)
npm http cache https://registry.npmjs.org/is-path-inside 7ms (cache hit)
npm http cache https://registry.npmjs.org/fast-deep-equal 7ms (cache hit)
npm http cache https://registry.npmjs.org/natural-compare 6ms (cache hit)
npm http cache https://registry.npmjs.org/@eslint%2feslintrc 7ms (cache hit)
npm http cache https://registry.npmjs.org/@nodelib%2ffs.walk 8ms (cache hit)
npm http cache https://registry.npmjs.org/file-entry-cache 8ms (cache hit)
npm http cache https://registry.npmjs.org/eslint-visitor-keys 8ms (cache hit)
npm http cache https://registry.npmjs.org/escape-string-regexp 8ms (cache hit)
npm http cache https://registry.npmjs.org/@ungap%2fstructured-clone 9ms (cache hit)
npm http cache https://registry.npmjs.org/@eslint-community%2fregexpp 10ms (cache hit)
npm http cache https://registry.npmjs.org/@humanwhocodes%2fconfig-array 11ms (cache hit)
npm http cache https://registry.npmjs.org/@humanwhocodes%2fmodule-importer 11ms (cache hit)
npm http cache https://registry.npmjs.org/@eslint-community%2feslint-utils 14ms (cache hit)
npm http cache https://registry.npmjs.org/json-stable-stringify-without-jsonify 12ms (cache hit)
npm http cache https://registry.npmjs.org/regenerator-runtime 11ms (cache hit)
npm http cache https://registry.npmjs.org/babel-jest 13ms (cache hit)
npm http cache https://registry.npmjs.org/jest-environment-node 16ms (cache hit)
npm http cache https://registry.npmjs.org/@react-native%2fjs-polyfills 24ms (cache hit)
npm http cache https://registry.npmjs.org/@jest%2fcreate-cache-key-function 30ms (cache hit)
npm http cache https://registry.npmjs.org/metro-config 33ms (cache hit)
npm http cache https://registry.npmjs.org/metro-runtime 42ms (cache hit)
npm http cache https://registry.npmjs.org/@react-native%2fjs-polyfills 47ms (cache hit)
npm http cache https://registry.npmjs.org/@react-native%2fmetro-babel-transformer 56ms (cache hit)
npm http cache https://registry.npmjs.org/ws 55ms (cache hit)
npm http cache https://registry.npmjs.org/anser 48ms (cache hit)
npm http cache https://registry.npmjs.org/yargs 47ms (cache hit)
npm http cache https://registry.npmjs.org/promise 52ms (cache hit)
npm http cache https://registry.npmjs.org/base64-js 44ms (cache hit)
npm http cache https://registry.npmjs.org/invariant 32ms (cache hit)
npm http cache https://registry.npmjs.org/nullthrows 19ms (cache hit)
npm http cache https://registry.npmjs.org/scheduler 32ms (cache hit)
npm http cache https://registry.npmjs.org/ansi-regex 48ms (cache hit)
npm http cache https://registry.npmjs.org/tinyglobby 42ms (cache hit)
npm http cache https://registry.npmjs.org/memoize-one 38ms (cache hit)
npm http cache https://registry.npmjs.org/whatwg-fetch 40ms (cache hit)
npm http cache https://registry.npmjs.org/pretty-format 44ms (cache hit)
npm http cache https://registry.npmjs.org/hermes-compiler 44ms (cache hit)
npm http cache https://registry.npmjs.org/abort-controller 20ms (cache hit)
npm http cache https://registry.npmjs.org/stacktrace-parser 18ms (cache hit)
npm http cache https://registry.npmjs.org/metro-source-map 21ms (cache hit)
npm http cache https://registry.npmjs.org/flow-enums-runtime 20ms (cache hit)
npm http cache https://registry.npmjs.org/react-devtools-core 19ms (cache hit)
npm http cache https://registry.npmjs.org/@react-native%2fassets-registry 22ms (cache hit)
npm http cache https://registry.npmjs.org/@react-native%2fgradle-plugin 43ms (cache hit)
npm http cache https://registry.npmjs.org/@react-native%2fcodegen 69ms (cache hit)
npm http cache https://registry.npmjs.org/@react-native%2fnormalize-colors 85ms (cache hit)
npm http cache https://registry.npmjs.org/@react-native%2fvirtualized-lists 90ms (cache hit)
npm http cache https://registry.npmjs.org/expect 97ms (cache hit)
npm http cache https://registry.npmjs.org/@react-native%2fcommunity-cli-plugin 108ms (cache hit)
npm http cache https://registry.npmjs.org/@jest%2ftypes 49ms (cache hit)
npm http cache https://registry.npmjs.org/import-local 40ms (cache hit)
npm http cache https://registry.npmjs.org/@jest%2fcore 61ms (cache hit)
npm http cache https://registry.npmjs.org/jest-cli 92ms (cache hit)
npm http cache https://registry.npmjs.org/csstype 118ms (cache hit)
npm http cache https://registry.npmjs.org/css-select 35ms (cache hit)
npm http cache https://registry.npmjs.org/css-tree 51ms (cache hit)
npm http cache https://registry.npmjs.org/scheduler 27ms (cache hit)
npm http cache https://registry.npmjs.org/react-is 53ms (cache hit)
npm http cache https://registry.npmjs.org/@babel%2fhelper-validator-identifier 7ms (cache hit)
npm http cache https://registry.npmjs.org/@jridgewell%2ftrace-mapping 7ms (cache hit)
npm http cache https://registry.npmjs.org/js-tokens 10ms (cache hit)
npm http cache https://registry.npmjs.org/browserslist 10ms (cache hit)
npm http cache https://registry.npmjs.org/jsesc 13ms (cache hit)
npm http cache https://registry.npmjs.org/@jridgewell%2fgen-mapping 14ms (cache hit)
npm http cache https://registry.npmjs.org/lru-cache 14ms (cache hit)
npm http cache https://registry.npmjs.org/@jridgewell%2fgen-mapping 7ms (cache hit)
npm http cache https://registry.npmjs.org/@babel%2fhelper-module-imports 14ms (cache hit)
npm http cache https://registry.npmjs.org/@babel%2fhelper-globals 14ms (cache hit)
npm http cache https://registry.npmjs.org/@babel%2fhelper-string-parser 14ms (cache hit)
npm http cache https://registry.npmjs.org/ms 11ms (cache hit)
npm http cache https://registry.npmjs.org/@jridgewell%2fresolve-uri 3ms (cache hit)
npm http cache https://registry.npmjs.org/@jridgewell%2fsourcemap-codec 4ms (cache hit)
npm http cache https://registry.npmjs.org/@jridgewell%2fsourcemap-codec 5ms (cache hit)
npm http cache https://registry.npmjs.org/update-browserslist-db 4ms (cache hit)
npm http cache https://registry.npmjs.org/yallist 5ms (cache hit)
npm http cache https://registry.npmjs.org/baseline-browser-mapping 6ms (cache hit)
npm http cache https://registry.npmjs.org/node-releases 9ms (cache hit)
npm http cache https://registry.npmjs.org/caniuse-lite 15ms (cache hit)
npm http cache https://registry.npmjs.org/electron-to-chromium 28ms (cache hit)
npm http cache https://registry.npmjs.org/@babel%2fhelper-remap-async-to-generator 6ms (cache hit)
npm http cache https://registry.npmjs.org/@babel%2fhelper-remap-async-to-generator 7ms (cache hit)
npm http cache https://registry.npmjs.org/@babel%2fhelper-skip-transparent-expression-wrappers 9ms (cache hit)
npm http cache https://registry.npmjs.org/@babel%2fhelper-skip-transparent-expression-wrappers 10ms (cache hit)
npm http cache https://registry.npmjs.org/@babel%2fhelper-create-class-features-plugin 9ms (cache hit)
npm http cache https://registry.npmjs.org/@babel%2fhelper-create-regexp-features-plugin 13ms (cache hit)
npm http cache https://registry.npmjs.org/@babel%2fhelper-create-class-features-plugin 14ms (cache hit)
npm http cache https://registry.npmjs.org/@babel%2fhelper-create-regexp-features-plugin 8ms (cache hit)
npm http cache https://registry.npmjs.org/@babel%2fhelper-annotate-as-pure 15ms (cache hit)
npm http cache https://registry.npmjs.org/@babel%2fhelper-create-regexp-features-plugin 14ms (cache hit)
npm http cache https://registry.npmjs.org/@babel%2fhelper-replace-supers 11ms (cache hit)
npm http cache https://registry.npmjs.org/@babel%2fhelper-replace-supers 18ms (cache hit)
npm http cache https://registry.npmjs.org/@babel%2fhelper-create-regexp-features-plugin 17ms (cache hit)
npm http cache https://registry.npmjs.org/@babel%2fhelper-annotate-as-pure 11ms (cache hit)
npm http cache https://registry.npmjs.org/@babel%2fhelper-define-polyfill-provider 6ms (cache hit)
npm http cache https://registry.npmjs.org/@babel%2fhelper-define-polyfill-provider 10ms (cache hit)
npm http cache https://registry.npmjs.org/@babel%2fhelper-define-polyfill-provider 9ms (cache hit)
npm http cache https://registry.npmjs.org/regexpu-core 2ms (cache hit)
npm http cache https://registry.npmjs.org/regenerate-unicode-properties 3ms (cache hit)
npm http cache https://registry.npmjs.org/regenerate 4ms (cache hit)
npm http cache https://registry.npmjs.org/regjsparser 4ms (cache hit)
npm http cache https://registry.npmjs.org/unicode-match-property-ecmascript 5ms (cache hit)
npm http cache https://registry.npmjs.org/unicode-match-property-value-ecmascript 5ms (cache hit)
npm http cache https://registry.npmjs.org/regjsgen 6ms (cache hit)
npm http cache https://registry.npmjs.org/@babel%2fhelper-wrap-function 2ms (cache hit)
npm http cache https://registry.npmjs.org/@babel%2fhelper-member-expression-to-functions 3ms (cache hit)
npm http cache https://registry.npmjs.org/@babel%2fhelper-optimise-call-expression 4ms (cache hit)
npm http cache https://registry.npmjs.org/command-exists 3ms (cache hit)
npm http cache https://registry.npmjs.org/cosmiconfig 5ms (cache hit)
npm http cache https://registry.npmjs.org/fast-glob 7ms (cache hit)
npm http cache https://registry.npmjs.org/fast-glob 9ms (cache hit)
npm http cache https://registry.npmjs.org/envinfo 9ms (cache hit)
npm http cache https://registry.npmjs.org/node-stream-zip 11ms (cache hit)
npm http cache https://registry.npmjs.org/joi 14ms (cache hit)
npm http cache https://registry.npmjs.org/errorhandler 3ms (cache hit)
npm http cache https://registry.npmjs.org/wcwidth 14ms (cache hit)
npm http cache https://registry.npmjs.org/connect 8ms (cache hit)
npm http cache https://registry.npmjs.org/ora 21ms (cache hit)
npm http cache https://registry.npmjs.org/yaml 19ms (cache hit)
npm http cache https://registry.npmjs.org/compression 21ms (cache hit)
npm http cache https://registry.npmjs.org/body-parser 24ms (cache hit)
npm http cache https://registry.npmjs.org/nocache 18ms (cache hit)
npm http cache https://registry.npmjs.org/open 19ms (cache hit)
npm http cache https://registry.npmjs.org/strict-url-sanitise 14ms (cache hit)
npm http cache https://registry.npmjs.org/serve-static 18ms (cache hit)
npm http cache https://registry.npmjs.org/appdirsjs 9ms (cache hit)
npm http cache https://registry.npmjs.org/launch-editor 7ms (cache hit)
npm http cache https://registry.npmjs.org/@vscode%2fsudo-prompt 14ms (cache hit)
npm http cache https://registry.npmjs.org/get-stream 4ms (cache hit)
npm http cache https://registry.npmjs.org/mime 10ms (cache hit)
npm http cache https://registry.npmjs.org/onetime 9ms (cache hit)
npm http cache https://registry.npmjs.org/signal-exit 8ms (cache hit)
npm http cache https://registry.npmjs.org/is-stream 11ms (cache hit)
npm http cache https://registry.npmjs.org/merge-stream 9ms (cache hit)
npm http cache https://registry.npmjs.org/npm-run-path 8ms (cache hit)
npm http cache https://registry.npmjs.org/human-signals 8ms (cache hit)
npm http cache https://registry.npmjs.org/strip-final-newline 7ms (cache hit)
npm http cache https://registry.npmjs.org/jsonfile 6ms (cache hit)
npm http cache https://registry.npmjs.org/path-exists 7ms (cache hit)
npm http cache https://registry.npmjs.org/locate-path 8ms (cache hit)
npm http cache https://registry.npmjs.org/universalify 7ms (cache hit)
npm http cache https://registry.npmjs.org/kleur 9ms (cache hit)
npm http cache https://registry.npmjs.org/sisteransi 7ms (cache hit)
npm http cache https://registry.npmjs.org/merge2 2ms (cache hit)
npm http cache https://registry.npmjs.org/@nodelib%2ffs.stat 4ms (cache hit)
npm http cache https://registry.npmjs.org/micromatch 4ms (cache hit)
npm http cache https://registry.npmjs.org/typescript 20ms (cache hit)
npm http cache https://registry.npmjs.org/@sideway%2faddress 9ms (cache hit)
npm http cache https://registry.npmjs.org/@hapi%2ftopo 10ms (cache hit)
npm http cache https://registry.npmjs.org/import-fresh 10ms (cache hit)
npm http cache https://registry.npmjs.org/@hapi%2fhoek 11ms (cache hit)
npm http cache https://registry.npmjs.org/env-paths 11ms (cache hit)
npm http cache https://registry.npmjs.org/parse-json 12ms (cache hit)
npm http cache https://registry.npmjs.org/@sideway%2fformula 11ms (cache hit)
npm http cache https://registry.npmjs.org/@sideway%2fpinpoint 5ms (cache hit)
npm http cache https://registry.npmjs.org/cli-cursor 4ms (cache hit)
npm http cache https://registry.npmjs.org/cli-spinners 5ms (cache hit)
npm http cache https://registry.npmjs.org/fast-xml-parser 8ms (cache hit)
npm http cache https://registry.npmjs.org/bl 11ms (cache hit)
npm http cache https://registry.npmjs.org/log-symbols 12ms (cache hit)
npm http cache https://registry.npmjs.org/is-interactive 13ms (cache hit)
npm http cache https://registry.npmjs.org/@react-native-community%2fcli-config-apple 14ms (cache hit)
npm http cache https://registry.npmjs.org/is-unicode-supported 10ms (cache hit)
npm http cache https://registry.npmjs.org/defaults 10ms (cache hit)
npm http cache https://registry.npmjs.org/dayjs 3ms (cache hit)
npm http cache https://registry.npmjs.org/ansi-fragments 7ms (cache hit)
npm http cache https://registry.npmjs.org/strnum 1ms (cache hit)
npm http cache https://registry.npmjs.org/fast-xml-builder 3ms (cache hit)
npm http cache https://registry.npmjs.org/path-expression-matcher 3ms (cache hit)
npm http cache https://registry.npmjs.org/xml-naming 4ms (cache hit)
npm http cache https://registry.npmjs.org/@nodable%2fentities 4ms (cache hit)
npm http cache https://registry.npmjs.org/bytes 3ms (cache hit)
npm http cache https://registry.npmjs.org/qs 5ms (cache hit)
npm http cache https://registry.npmjs.org/raw-body 7ms (cache hit)
npm http cache https://registry.npmjs.org/type-is 9ms (cache hit)
npm http cache https://registry.npmjs.org/on-finished 9ms (cache hit)
npm http cache https://registry.npmjs.org/iconv-lite 10ms (cache hit)
npm http cache https://registry.npmjs.org/http-errors 12ms (cache hit)
npm http cache https://registry.npmjs.org/content-type 14ms (cache hit)
npm http cache https://registry.npmjs.org/safe-buffer 9ms (cache hit)
npm http cache https://registry.npmjs.org/compressible 9ms (cache hit)
npm http cache https://registry.npmjs.org/vary 14ms (cache hit)
npm http cache https://registry.npmjs.org/finalhandler 8ms (cache hit)
npm http cache https://registry.npmjs.org/on-headers 12ms (cache hit)
npm http cache https://registry.npmjs.org/negotiator 14ms (cache hit)
npm http cache https://registry.npmjs.org/accepts 5ms (cache hit)
npm http cache https://registry.npmjs.org/utils-merge 7ms (cache hit)
npm http cache https://registry.npmjs.org/parseurl 8ms (cache hit)
npm http cache https://registry.npmjs.org/escape-html 7ms (cache hit)
npm http cache https://registry.npmjs.org/is-wsl 6ms (cache hit)
npm http cache https://registry.npmjs.org/react-is 11ms (cache hit)
npm http cache https://registry.npmjs.org/ansi-styles 52ms (cache hit)
npm http cache https://registry.npmjs.org/encodeurl 51ms (cache hit)
npm http cache https://registry.npmjs.org/send 54ms (cache hit)
npm http cache https://registry.npmjs.org/@jest%2fschemas 57ms (cache hit)
npm http cache https://registry.npmjs.org/async-limiter 57ms (cache hit)
npm http cache https://registry.npmjs.org/shell-quote 6ms (cache hit)
npm http cache https://registry.npmjs.org/@babel%2fplugin-syntax-flow 8ms (cache hit)
npm http cache https://registry.npmjs.org/@babel%2fplugin-syntax-jsx 12ms (cache hit)
npm http cache https://registry.npmjs.org/@babel%2fplugin-syntax-flow 13ms (cache hit)
npm http cache https://registry.npmjs.org/hermes-parser 17ms (cache hit)
npm http cache https://registry.npmjs.org/@babel%2fplugin-syntax-typescript 20ms (cache hit)
npm http cache https://registry.npmjs.org/picomatch 4ms (cache hit)
npm http cache https://registry.npmjs.org/loose-envify 6ms (cache hit)
npm http cache https://registry.npmjs.org/hermes-estree 7ms (cache hit)
npm http cache https://registry.npmjs.org/cliui 7ms (cache hit)
npm http cache https://registry.npmjs.org/escalade 9ms (cache hit)
npm http cache https://registry.npmjs.org/y18n 9ms (cache hit)
npm http cache https://registry.npmjs.org/fdir 13ms (cache hit)
npm http cache https://registry.npmjs.org/string-width 10ms (cache hit)
npm http cache https://registry.npmjs.org/get-caller-file 12ms (cache hit)
npm http cache https://registry.npmjs.org/require-directory 11ms (cache hit)
npm http cache https://registry.npmjs.org/yargs-parser 15ms (cache hit)
npm http cache https://registry.npmjs.org/eslint 5ms (cache hit)
npm http cache https://registry.npmjs.org/jiti 2ms (cache hit)
npm http cache https://registry.npmjs.org/typescript 22ms (cache hit)
npm http cache https://registry.npmjs.org/eslint 5ms (cache hit)
npm http cache https://registry.npmjs.org/@nicolo-ribaudo%2feslint-scope-5-internals 12ms (cache hit)
npm http cache https://registry.npmjs.org/ts-api-utils 15ms (cache hit)
npm http cache https://registry.npmjs.org/@typescript-eslint%2ftype-utils 49ms (cache hit)
npm http cache https://registry.npmjs.org/@typescript-eslint%2ftypes 120ms (cache hit)
npm http cache https://registry.npmjs.org/@typescript-eslint%2fvisitor-keys 189ms (cache hit)
npm http cache https://registry.npmjs.org/@typescript-eslint%2futils 253ms (cache hit)
npm http cache https://registry.npmjs.org/@typescript-eslint%2fscope-manager 325ms (cache hit)
npm http cache https://registry.npmjs.org/@typescript-eslint%2fscope-manager 404ms (cache hit)
npm http cache https://registry.npmjs.org/string-natural-compare 270ms (cache hit)
npm http cache https://registry.npmjs.org/@typescript-eslint%2fvisitor-keys 515ms (cache hit)
npm http cache https://registry.npmjs.org/@typescript-eslint%2futils 269ms (cache hit)
npm http cache https://registry.npmjs.org/@typescript-eslint%2ftypescript-estree 542ms (cache hit)
npm http cache https://registry.npmjs.org/array-includes 396ms (cache hit)
npm http cache https://registry.npmjs.org/lodash 599ms (cache hit)
npm http cache https://registry.npmjs.org/array.prototype.flatmap 269ms (cache hit)
npm http cache https://registry.npmjs.org/array.prototype.findlast 271ms (cache hit)
npm http cache https://registry.npmjs.org/array.prototype.tosorted 215ms (cache hit)
npm http cache https://registry.npmjs.org/estraverse 19ms (cache hit)
npm http cache https://registry.npmjs.org/es-iterator-helpers 158ms (cache hit)
npm http cache https://registry.npmjs.org/jsx-ast-utils 10ms (cache hit)
npm http cache https://registry.npmjs.org/hasown 14ms (cache hit)
npm http cache https://registry.npmjs.org/object.entries 10ms (cache hit)
npm http cache https://registry.npmjs.org/object.fromentries 10ms (cache hit)
npm http cache https://registry.npmjs.org/object.values 11ms (cache hit)
npm http cache https://registry.npmjs.org/prop-types 12ms (cache hit)
npm http cache https://registry.npmjs.org/resolve 10ms (cache hit)
npm http cache https://registry.npmjs.org/string.prototype.repeat 11ms (cache hit)
npm http cache https://registry.npmjs.org/string.prototype.matchall 12ms (cache hit)
npm http cache https://registry.npmjs.org/zod 15ms (cache hit)
npm http cache https://registry.npmjs.org/eslint-plugin-react-native-globals 30ms (cache hit)
npm http cache https://registry.npmjs.org/zod-validation-error 32ms (cache hit)
npm http cache https://registry.npmjs.org/esrecurse 2ms (cache hit)
npm http cache https://registry.npmjs.org/babel-plugin-istanbul 6ms (cache hit)
npm http cache https://registry.npmjs.org/babel-preset-jest 8ms (cache hit)
npm http cache https://registry.npmjs.org/slash 12ms (cache hit)
npm http cache https://registry.npmjs.org/@types%2fbabel__core 12ms (cache hit)
npm http cache https://registry.npmjs.org/@jest%2ftransform 13ms (cache hit)
npm http cache https://registry.npmjs.org/jest-util 16ms (cache hit)
npm http cache https://registry.npmjs.org/jest-mock 20ms (cache hit)
npm http cache https://registry.npmjs.org/@jest%2ffake-timers 16ms (cache hit)
npm http cache https://registry.npmjs.org/@jest%2fenvironment 22ms (cache hit)
npm http cache https://registry.npmjs.org/@types%2fnode 40ms (cache hit)
npm http cache https://registry.npmjs.org/@types%2fistanbul-lib-coverage 10ms (cache hit)
npm http cache https://registry.npmjs.org/@types%2fistanbul-reports 10ms (cache hit)
npm http cache https://registry.npmjs.org/@types%2fyargs 12ms (cache hit)
npm http cache https://registry.npmjs.org/supports-color 5ms (cache hit)
npm http cache https://registry.npmjs.org/undici-types 7ms (cache hit)
npm http cache https://registry.npmjs.org/@types%2fistanbul-lib-report 9ms (cache hit)
npm http cache https://registry.npmjs.org/@types%2fyargs-parser 9ms (cache hit)
npm http cache https://registry.npmjs.org/@sinclair%2ftypebox 11ms (cache hit)
npm http cache https://registry.npmjs.org/metro-core 4ms (cache hit)
npm http cache https://registry.npmjs.org/jest-validate 8ms (cache hit)
npm http cache https://registry.npmjs.org/metro-cache 11ms (cache hit)
npm http cache https://registry.npmjs.org/metro 15ms (cache hit)
npm http cache https://registry.npmjs.org/jest-get-type 6ms (cache hit)
npm http cache https://registry.npmjs.org/jest-matcher-utils 8ms (cache hit)
npm http cache https://registry.npmjs.org/@jest%2fexpect-utils 11ms (cache hit)
npm http cache https://registry.npmjs.org/jest-message-util 13ms (cache hit)
npm http cache https://registry.npmjs.org/eslint 4ms (cache hit)
npm http cache https://registry.npmjs.org/@typescript-eslint%2fproject-service 6ms (cache hit)
npm http cache https://registry.npmjs.org/@typescript-eslint%2ftsconfig-utils 15ms (cache hit)
npm http cache https://registry.npmjs.org/@typescript-eslint%2ftsconfig-utils 5ms (cache hit)
npm http cache https://registry.npmjs.org/brace-expansion 11ms (cache hit)
npm http cache https://registry.npmjs.org/pirates 7ms (cache hit)
npm http cache https://registry.npmjs.org/jest-regex-util 8ms (cache hit)
npm http cache https://registry.npmjs.org/write-file-atomic 11ms (cache hit)
npm http cache https://registry.npmjs.org/@types%2fbabel__template 11ms (cache hit)
npm http cache https://registry.npmjs.org/fast-json-stable-stringify 11ms (cache hit)
npm http cache https://registry.npmjs.org/jest-haste-map 13ms (cache hit)
npm http cache https://registry.npmjs.org/@types%2fbabel__traverse 17ms (cache hit)
npm http cache https://registry.npmjs.org/test-exclude 11ms (cache hit)
npm http cache https://registry.npmjs.org/@types%2fbabel__generator 14ms (cache hit)
npm http cache https://registry.npmjs.org/@istanbuljs%2fschema 10ms (cache hit)
npm http cache https://registry.npmjs.org/@istanbuljs%2fload-nyc-config 10ms (cache hit)
npm http cache https://registry.npmjs.org/istanbul-lib-instrument 11ms (cache hit)
npm http cache https://registry.npmjs.org/babel-preset-current-node-syntax 8ms (cache hit)
npm http cache https://registry.npmjs.org/babel-plugin-jest-hoist 10ms (cache hit)
npm http cache https://registry.npmjs.org/fb-watchman 5ms (cache hit)
npm http cache https://registry.npmjs.org/fsevents 7ms (cache hit)
npm http cache https://registry.npmjs.org/jest-worker 9ms (cache hit)
npm http cache https://registry.npmjs.org/walker 12ms (cache hit)
npm http cache https://registry.npmjs.org/anymatch 12ms (cache hit)
npm http cache https://registry.npmjs.org/ci-info 12ms (cache hit)
npm http cache https://registry.npmjs.org/@types%2fgraceful-fs 13ms (cache hit)
npm http cache https://registry.npmjs.org/braces 9ms (cache hit)
npm http cache https://registry.npmjs.org/resolve-from 6ms (cache hit)
npm http cache https://registry.npmjs.org/glob 7ms (cache hit)
npm http cache https://registry.npmjs.org/get-package-type 11ms (cache hit)
npm http cache https://registry.npmjs.org/istanbul-lib-coverage 10ms (cache hit)
npm http cache https://registry.npmjs.org/camelcase 12ms (cache hit)
npm http cache https://registry.npmjs.org/esprima 2ms (cache hit)
npm http cache https://registry.npmjs.org/argparse 3ms (cache hit)
npm http cache https://registry.npmjs.org/lodash.debounce 2ms (cache hit)
npm http cache https://registry.npmjs.org/is-core-module 3ms (cache hit)
npm http cache https://registry.npmjs.org/path-parse 4ms (cache hit)
npm http cache https://registry.npmjs.org/es-errors 5ms (cache hit)
npm http cache https://registry.npmjs.org/supports-preserve-symlinks-flag 5ms (cache hit)
npm http cache https://registry.npmjs.org/@babel%2fplugin-syntax-async-generators 4ms (cache hit)
npm http cache https://registry.npmjs.org/@babel%2fplugin-syntax-import-meta 5ms (cache hit)
npm http cache https://registry.npmjs.org/@babel%2fplugin-syntax-json-strings 4ms (cache hit)
npm http cache https://registry.npmjs.org/@babel%2fplugin-syntax-bigint 6ms (cache hit)
npm http cache https://registry.npmjs.org/@babel%2fplugin-syntax-class-static-block 6ms (cache hit)
npm http cache https://registry.npmjs.org/@babel%2fplugin-syntax-class-properties 8ms (cache hit)
npm http cache https://registry.npmjs.org/@babel%2fplugin-syntax-logical-assignment-operators 8ms (cache hit)
npm http cache https://registry.npmjs.org/@babel%2fplugin-syntax-private-property-in-object 40ms (cache hit)
npm http cache https://registry.npmjs.org/@babel%2fplugin-syntax-top-level-await 39ms (cache hit)
npm http cache https://registry.npmjs.org/@babel%2fplugin-syntax-numeric-separator 42ms (cache hit)
npm http cache https://registry.npmjs.org/@babel%2fplugin-syntax-optional-catch-binding 41ms (cache hit)
npm http fetch GET 200 https://registry.npmjs.org/@babel%2fplugin-syntax-object-rest-spread 817ms (cache revalidated)
npm http cache https://registry.npmjs.org/safer-buffer 17ms (cache hit)
npm http fetch GET 200 https://registry.npmjs.org/inherits 52ms (cache revalidated)
npm http fetch GET 200 https://registry.npmjs.org/unpipe 53ms (cache revalidated)
npm http cache https://registry.npmjs.org/media-typer 2ms (cache hit)
npm http cache https://registry.npmjs.org/mime-types 2ms (cache hit)
npm http fetch GET 200 https://registry.npmjs.org/ee-first 169ms (cache revalidated)
npm http fetch GET 200 https://registry.npmjs.org/depd 336ms (cache revalidated)
npm http fetch GET 200 https://registry.npmjs.org/side-channel 328ms (cache revalidated)
npm http fetch GET 200 https://registry.npmjs.org/statuses 368ms (cache revalidated)
npm http fetch GET 200 https://registry.npmjs.org/setprototypeof 605ms (cache revalidated)
npm http fetch GET 200 https://registry.npmjs.org/toidentifier 1145ms (cache revalidated)
npm http fetch GET 200 https://registry.npmjs.org/has-flag 53ms (cache revalidated)
npm http fetch GET 200 https://registry.npmjs.org/color-convert 1086ms (cache revalidated)
npm http fetch GET 200 https://registry.npmjs.org/color-name 49ms (cache revalidated)
npm http cache https://registry.npmjs.org/mime-db 4ms (cache hit)
npm http fetch GET 200 https://registry.npmjs.org/error-ex 57ms (cache revalidated)
npm http fetch GET 200 https://registry.npmjs.org/lines-and-columns 58ms (cache revalidated)
npm http fetch GET 200 https://registry.npmjs.org/json-parse-even-better-errors 345ms (cache revalidated)
npm http fetch GET 200 https://registry.npmjs.org/parent-module 464ms (cache revalidated)
npm http fetch GET 200 https://registry.npmjs.org/which 63ms (cache revalidated)
npm http fetch GET 200 https://registry.npmjs.org/uri-js 66ms (cache revalidated)
npm http fetch GET 200 https://registry.npmjs.org/path-key 56ms (cache revalidated)
npm http fetch GET 200 https://registry.npmjs.org/shebang-command 59ms (cache revalidated)
npm http fetch GET 200 https://registry.npmjs.org/acorn-jsx 77ms (cache revalidated)
npm http fetch GET 200 https://registry.npmjs.org/acorn 83ms (cache revalidated)
npm http fetch GET 200 https://registry.npmjs.org/flat-cache 76ms (cache revalidated)
npm http fetch GET 200 https://registry.npmjs.org/is-extglob 58ms (cache revalidated)
npm http fetch GET 200 https://registry.npmjs.org/strip-json-comments 387ms (cache revalidated)
npm http fetch GET 200 https://registry.npmjs.org/prelude-ls 56ms (cache revalidated)
npm http fetch GET 200 https://registry.npmjs.org/deep-is 60ms (cache revalidated)
npm http fetch GET 200 https://registry.npmjs.org/word-wrap 59ms (cache revalidated)
npm http fetch GET 200 https://registry.npmjs.org/@nodelib%2ffs.scandir 547ms (cache revalidated)
npm http fetch GET 200 https://registry.npmjs.org/type-fest 362ms (cache revalidated)
npm http fetch GET 200 https://registry.npmjs.org/fast-levenshtein 76ms (cache revalidated)
npm http fetch GET 200 https://registry.npmjs.org/json-schema-traverse 735ms (cache revalidated)
npm http fetch GET 200 https://registry.npmjs.org/@humanwhocodes%2fobject-schema 1204ms (cache revalidated)
npm http fetch GET 200 https://registry.npmjs.org/type-check 1042ms (cache revalidated)
npm http fetch GET 200 https://registry.npmjs.org/type-check 1187ms (cache revalidated)
npm http fetch GET 200 https://registry.npmjs.org/fastq 1947ms (cache revalidated)
npm http fetch GET 200 https://registry.npmjs.org/run-parallel 86ms (cache revalidated)
npm http fetch GET 200 https://registry.npmjs.org/reusify 99ms (cache revalidated)
npm http fetch GET 200 https://registry.npmjs.org/queue-microtask 58ms (cache revalidated)
npm http fetch GET 200 https://registry.npmjs.org/punycode 356ms (cache revalidated)
npm http fetch GET 200 https://registry.npmjs.org/isexe 74ms (cache revalidated)
npm http fetch GET 200 https://registry.npmjs.org/shebang-regex 75ms (cache revalidated)
npm http fetch GET 200 https://registry.npmjs.org/call-bound 76ms (cache revalidated)
npm http fetch GET 200 https://registry.npmjs.org/call-bind 78ms (cache revalidated)
npm http fetch GET 200 https://registry.npmjs.org/get-intrinsic 73ms (cache revalidated)
npm http fetch GET 200 https://registry.npmjs.org/es-abstract 86ms (cache revalidated)
npm http fetch GET 200 https://registry.npmjs.org/is-string 100ms (cache revalidated)
npm http fetch GET 200 https://registry.npmjs.org/math-intrinsics 75ms (cache revalidated)
npm http fetch GET 200 https://registry.npmjs.org/es-abstract 78ms (cache revalidated)
npm http fetch GET 200 https://registry.npmjs.org/es-shim-unscopables 62ms (cache revalidated)
npm http fetch GET 200 https://registry.npmjs.org/es-shim-unscopables 69ms (cache revalidated)
npm http fetch GET 200 https://registry.npmjs.org/define-properties 517ms (cache revalidated)
npm http fetch GET 200 https://registry.npmjs.org/define-properties 440ms (cache revalidated)
npm http fetch GET 200 https://registry.npmjs.org/define-properties 362ms (cache revalidated)
npm http fetch GET 200 https://registry.npmjs.org/define-properties 597ms (cache revalidated)
npm http fetch GET 200 https://registry.npmjs.org/define-properties 433ms (cache revalidated)
npm http fetch GET 200 https://registry.npmjs.org/es-object-atoms 648ms (cache revalidated)
npm http fetch GET 200 https://registry.npmjs.org/es-object-atoms 566ms (cache revalidated)
npm http fetch GET 200 https://registry.npmjs.org/function-bind 65ms (cache revalidated)
npm http fetch GET 200 https://registry.npmjs.org/gopd 64ms (cache revalidated)
npm http fetch GET 200 https://registry.npmjs.org/es-set-tostringtag 67ms (cache revalidated)
npm http fetch GET 200 https://registry.npmjs.org/globalthis 78ms (cache revalidated)
npm http fetch GET 200 https://registry.npmjs.org/has-proto 63ms (cache revalidated)
npm http fetch GET 200 https://registry.npmjs.org/iterator.prototype 83ms (cache revalidated)
npm http fetch GET 200 https://registry.npmjs.org/object.assign 72ms (cache revalidated)
npm http fetch GET 200 https://registry.npmjs.org/array.prototype.flat 86ms (cache revalidated)
npm http fetch GET 200 https://registry.npmjs.org/internal-slot 94ms (cache revalidated)
npm http cache https://registry.npmjs.org/react-is 22ms (cache hit)
npm http fetch GET 200 https://registry.npmjs.org/object-assign 105ms (cache revalidated)
npm http fetch GET 200 https://registry.npmjs.org/node-exports-info 75ms (cache revalidated)
npm http fetch GET 200 https://registry.npmjs.org/object-keys 74ms (cache revalidated)
npm http fetch GET 200 https://registry.npmjs.org/regexp.prototype.flags 72ms (cache revalidated)
npm http fetch GET 200 https://registry.npmjs.org/set-function-name 70ms (cache revalidated)
npm http fetch GET 200 https://registry.npmjs.org/has-property-descriptors 341ms (cache revalidated)
npm http fetch GET 200 https://registry.npmjs.org/has-symbols 1102ms (cache revalidated)
npm http fetch GET 200 https://registry.npmjs.org/has-symbols 1006ms (cache revalidated)
npm http fetch GET 200 https://registry.npmjs.org/call-bind-apply-helpers 49ms (cache revalidated)
npm http fetch GET 200 https://registry.npmjs.org/define-data-property 51ms (cache revalidated)
npm http fetch GET 200 https://registry.npmjs.org/set-function-length 62ms (cache revalidated)
npm http fetch GET 200 https://registry.npmjs.org/array-buffer-byte-length 63ms (cache revalidated)
npm http fetch GET 200 https://registry.npmjs.org/arraybuffer.prototype.slice 63ms (cache revalidated)
npm http fetch GET 200 https://registry.npmjs.org/call-bind-apply-helpers 64ms (cache revalidated)
npm http fetch GET 200 https://registry.npmjs.org/available-typed-arrays 66ms (cache revalidated)
npm http fetch GET 200 https://registry.npmjs.org/es-to-primitive 53ms (cache revalidated)
npm http fetch GET 200 https://registry.npmjs.org/data-view-buffer 67ms (cache revalidated)
npm http fetch GET 200 https://registry.npmjs.org/data-view-byte-length 55ms (cache revalidated)
npm http fetch GET 200 https://registry.npmjs.org/get-proto 55ms (cache revalidated)
npm http fetch GET 200 https://registry.npmjs.org/function.prototype.name 57ms (cache revalidated)
npm http fetch GET 200 https://registry.npmjs.org/is-array-buffer 56ms (cache revalidated)
npm http fetch GET 200 https://registry.npmjs.org/is-data-view 55ms (cache revalidated)
npm http fetch GET 200 https://registry.npmjs.org/is-callable 58ms (cache revalidated)
npm http fetch GET 200 https://registry.npmjs.org/is-negative-zero 56ms (cache revalidated)
npm http fetch GET 200 https://registry.npmjs.org/is-regex 56ms (cache revalidated)
npm http fetch GET 200 https://registry.npmjs.org/is-set 57ms (cache revalidated)
npm http fetch GET 200 https://registry.npmjs.org/is-shared-array-buffer 57ms (cache revalidated)
npm http fetch GET 200 https://registry.npmjs.org/es-define-property 321ms (cache revalidated)
npm http fetch GET 200 https://registry.npmjs.org/es-define-property 258ms (cache revalidated)
npm http fetch GET 200 https://registry.npmjs.org/is-typed-array 64ms (cache revalidated)
npm http fetch GET 200 https://registry.npmjs.org/is-weakref 64ms (cache revalidated)
npm http fetch GET 200 https://registry.npmjs.org/object-inspect 64ms (cache revalidated)
npm http fetch GET 200 https://registry.npmjs.org/own-keys 59ms (cache revalidated)
npm http fetch GET 200 https://registry.npmjs.org/data-view-byte-offset 319ms (cache revalidated)
npm http fetch GET 200 https://registry.npmjs.org/safe-regex-test 60ms (cache revalidated)
npm http fetch GET 200 https://registry.npmjs.org/safe-push-apply 61ms (cache revalidated)
npm http fetch GET 200 https://registry.npmjs.org/set-proto 60ms (cache revalidated)
npm http fetch GET 200 https://registry.npmjs.org/get-symbol-description 315ms (cache revalidated)
npm http fetch GET 200 https://registry.npmjs.org/stop-iteration-iterator 91ms (cache revalidated)
npm http fetch GET 200 https://registry.npmjs.org/string.prototype.trimstart 59ms (cache revalidated)
npm http fetch GET 200 https://registry.npmjs.org/string.prototype.trim 94ms (cache updated)
npm http fetch GET 200 https://registry.npmjs.org/typed-array-buffer 65ms (cache revalidated)
npm http fetch GET 200 https://registry.npmjs.org/string.prototype.trimend 74ms (cache updated)
npm http fetch GET 200 https://registry.npmjs.org/typed-array-byte-length 72ms (cache revalidated)
npm http fetch GET 200 https://registry.npmjs.org/has-tostringtag 64ms (cache revalidated)
npm http fetch GET 200 https://registry.npmjs.org/typed-array-byte-offset 84ms (cache revalidated)
npm http fetch GET 200 https://registry.npmjs.org/which-typed-array 86ms (cache updated)
npm http fetch GET 200 https://registry.npmjs.org/unbox-primitive 378ms (cache revalidated)
npm http fetch GET 200 https://registry.npmjs.org/safe-array-concat 625ms (cache revalidated)
npm http fetch GET 200 https://registry.npmjs.org/typed-array-length 1126ms (cache revalidated)
npm http cache https://registry.npmjs.org/which-typed-array 39ms (cache hit)
npm http fetch GET 200 https://registry.npmjs.org/dunder-proto 106ms (cache revalidated)
npm http fetch GET 200 https://registry.npmjs.org/possible-typed-array-names 136ms (cache revalidated)
npm http fetch GET 200 https://registry.npmjs.org/is-date-object 137ms (cache revalidated)
npm http fetch GET 200 https://registry.npmjs.org/functions-have-names 138ms (cache revalidated)
npm http fetch GET 200 https://registry.npmjs.org/is-symbol 141ms (cache revalidated)
npm http fetch GET 200 https://registry.npmjs.org/dunder-proto 142ms (cache revalidated)
npm http fetch GET 200 https://registry.npmjs.org/isarray 107ms (cache revalidated)
npm http cache https://registry.npmjs.org/for-each 40ms (cache hit)
npm http cache https://registry.npmjs.org/isarray 46ms (cache hit)
npm http cache https://registry.npmjs.org/for-each 41ms (cache hit)
npm http cache https://registry.npmjs.org/for-each 36ms (cache hit)
npm http fetch GET 200 https://registry.npmjs.org/reflect.getprototypeof 77ms (cache revalidated)
npm http fetch GET 200 https://registry.npmjs.org/reflect.getprototypeof 103ms (cache revalidated)
npm http fetch GET 200 https://registry.npmjs.org/has-bigints 88ms (cache revalidated)
npm http fetch GET 200 https://registry.npmjs.org/which-boxed-primitive 80ms (cache revalidated)
npm http fetch GET 200 https://registry.npmjs.org/mimic-fn 366ms (cache revalidated)
npm http fetch GET 200 https://registry.npmjs.org/stack-utils 334ms (cache revalidated)
npm http fetch GET 200 https://registry.npmjs.org/jest-diff 1123ms (cache revalidated)
npm http fetch GET 200 https://registry.npmjs.org/@types%2fstack-utils 1231ms (cache revalidated)
npm http fetch GET 200 https://registry.npmjs.org/flatted 53ms (cache revalidated)
npm http fetch GET 200 https://registry.npmjs.org/rimraf 56ms (cache revalidated)
npm http fetch GET 200 https://registry.npmjs.org/keyv 59ms (cache revalidated)
npm http fetch GET 200 https://registry.npmjs.org/p-locate 63ms (cache revalidated)
npm http fetch GET 200 https://registry.npmjs.org/json-buffer 56ms (cache revalidated)
npm http fetch GET 200 https://registry.npmjs.org/callsites 68ms (cache revalidated)
npm http fetch GET 200 https://registry.npmjs.org/side-channel-list 51ms (cache revalidated)
npm http fetch GET 200 https://registry.npmjs.org/side-channel-map 50ms (cache revalidated)
npm http fetch GET 200 https://registry.npmjs.org/side-channel-weakmap 50ms (cache revalidated)
npm http fetch GET 200 https://registry.npmjs.org/ansi-escapes 337ms (cache revalidated)
npm http fetch GET 200 https://registry.npmjs.org/jest-config 357ms (cache revalidated)
npm http fetch GET 200 https://registry.npmjs.org/jest-runner 369ms (cache revalidated)
npm http fetch GET 200 https://registry.npmjs.org/jest-runtime 375ms (cache revalidated)
npm http fetch GET 200 https://registry.npmjs.org/exit 402ms (cache revalidated)
npm http fetch GET 200 https://registry.npmjs.org/jest-watcher 466ms (cache revalidated)
npm http fetch GET 200 https://registry.npmjs.org/jest-changed-files 335ms (cache revalidated)
npm http fetch GET 200 https://registry.npmjs.org/jest-resolve-dependencies 337ms (cache revalidated)
npm http fetch GET 200 https://registry.npmjs.org/jest-resolve 934ms (cache revalidated)
npm http fetch GET 200 https://registry.npmjs.org/pkg-dir 348ms (cache revalidated)
npm http fetch GET 200 https://registry.npmjs.org/resolve-cwd 342ms (cache revalidated)
npm http fetch GET 200 https://registry.npmjs.org/@jest%2ftest-result 114ms (cache revalidated)
npm http fetch GET 200 https://registry.npmjs.org/@jest%2ftest-result 829ms (cache revalidated)
npm http fetch GET 200 https://registry.npmjs.org/@jest%2freporters 866ms (cache revalidated)
npm http fetch GET 200 https://registry.npmjs.org/jest-snapshot 1094ms (cache revalidated)
npm http fetch GET 200 https://registry.npmjs.org/@jest%2fconsole 1639ms (cache revalidated)
npm http fetch GET 200 https://registry.npmjs.org/create-jest 1326ms (cache revalidated)
npm http fetch GET 200 https://registry.npmjs.org/ts-node 529ms (cache revalidated)
npm http fetch GET 200 https://registry.npmjs.org/@swc%2fcore 804ms (cache revalidated)
npm http fetch GET 200 https://registry.npmjs.org/@swc%2fhelpers 552ms (cache revalidated)
npm http fetch GET 200 https://registry.npmjs.org/@swc%2fwasm 779ms (cache revalidated)
npm http cache https://registry.npmjs.org/typescript 51ms (cache hit)
npm http fetch GET 200 https://registry.npmjs.org/istanbul-lib-report 293ms (cache revalidated)
npm http fetch GET 200 https://registry.npmjs.org/string-length 306ms (cache revalidated)
npm http fetch GET 200 https://registry.npmjs.org/p-limit 53ms (cache revalidated)
npm http fetch GET 200 https://registry.npmjs.org/collect-v8-coverage 200ms (cache revalidated)
npm http fetch GET 200 https://registry.npmjs.org/collect-v8-coverage 496ms (cache revalidated)
npm http fetch GET 200 https://registry.npmjs.org/istanbul-lib-source-maps 554ms (cache revalidated)
npm http fetch GET 200 https://registry.npmjs.org/jest-circus 342ms (cache revalidated)
npm http fetch GET 200 https://registry.npmjs.org/v8-to-istanbul 711ms (cache revalidated)
npm http fetch GET 200 https://registry.npmjs.org/@bcoe%2fv8-coverage 797ms (cache revalidated)
npm http fetch GET 200 https://registry.npmjs.org/resolve.exports 353ms (cache revalidated)
npm http fetch GET 200 https://registry.npmjs.org/istanbul-reports 1052ms (cache revalidated)
npm http fetch GET 200 https://registry.npmjs.org/jest-leak-detector 348ms (cache revalidated)
npm http fetch GET 200 https://registry.npmjs.org/emittery 538ms (cache revalidated)
npm http fetch GET 200 https://registry.npmjs.org/jest-docblock 631ms (cache revalidated)
npm http fetch GET 200 https://registry.npmjs.org/jest-pnp-resolver 920ms (cache revalidated)
npm http fetch GET 200 https://registry.npmjs.org/source-map-support 628ms (cache revalidated)
npm http fetch GET 200 https://registry.npmjs.org/strip-bom 629ms (cache revalidated)
npm http fetch GET 200 https://registry.npmjs.org/cjs-module-lexer 362ms (cache revalidated)
npm http fetch GET 200 https://registry.npmjs.org/@jest%2ftest-sequencer 1292ms (cache revalidated)
npm http fetch GET 200 https://registry.npmjs.org/leven 586ms (cache revalidated)
npm http fetch GET 200 https://registry.npmjs.org/@jest%2fsource-map 854ms (cache revalidated)
npm http fetch GET 200 https://registry.npmjs.org/@jest%2fglobals 1544ms (cache revalidated)
npm http fetch GET 200 https://registry.npmjs.org/source-map 82ms (cache revalidated)
npm http fetch GET 200 https://registry.npmjs.org/html-escaper 85ms (cache revalidated)
npm http fetch GET 200 https://registry.npmjs.org/path-is-absolute 349ms (cache revalidated)
npm http fetch GET 200 https://registry.npmjs.org/once 351ms (cache revalidated)
npm http fetch GET 200 https://registry.npmjs.org/inflight 360ms (cache revalidated)
npm http fetch GET 200 https://registry.npmjs.org/make-dir 433ms (cache revalidated)
npm http fetch GET 200 https://registry.npmjs.org/char-regex 371ms (cache revalidated)
npm http fetch GET 200 https://registry.npmjs.org/fs.realpath 631ms (cache revalidated)
npm http fetch GET 200 https://registry.npmjs.org/wrappy 344ms (cache revalidated)
npm http fetch GET 200 https://registry.npmjs.org/wrappy 346ms (cache revalidated)
npm http fetch GET 200 https://registry.npmjs.org/yocto-queue 363ms (cache revalidated)
npm http fetch GET 200 https://registry.npmjs.org/dedent 69ms (cache revalidated)
npm http fetch GET 200 https://registry.npmjs.org/is-generator-fn 354ms (cache revalidated)
npm http fetch GET 200 https://registry.npmjs.org/jest-each 361ms (cache revalidated)
npm http fetch GET 200 https://registry.npmjs.org/co 395ms (cache revalidated)
npm http fetch GET 200 https://registry.npmjs.org/pure-rand 419ms (cache revalidated)
npm http fetch GET 200 https://registry.npmjs.org/@jest%2fexpect 777ms (cache revalidated)
npm http fetch GET 200 https://registry.npmjs.org/babel-plugin-macros 68ms (cache revalidated)
npm http fetch GET 200 https://registry.npmjs.org/@sinonjs%2ffake-timers 1058ms (cache revalidated)
npm http fetch GET 200 https://registry.npmjs.org/@sinonjs%2fcommons 823ms (cache revalidated)
npm http fetch GET 200 https://registry.npmjs.org/type-detect 358ms (cache revalidated)
npm http fetch GET 200 https://registry.npmjs.org/bser 358ms (cache revalidated)
npm http fetch GET 200 https://registry.npmjs.org/normalize-path 380ms (cache revalidated)
npm http fetch GET 200 https://registry.npmjs.org/makeerror 411ms (cache revalidated)
npm http fetch GET 200 https://registry.npmjs.org/node-int64 451ms (cache revalidated)
npm http fetch GET 200 https://registry.npmjs.org/diff-sequences 439ms (cache revalidated)
npm http fetch GET 200 https://registry.npmjs.org/buffer-from 344ms (cache revalidated)
npm http fetch GET 200 https://registry.npmjs.org/detect-newline 427ms (cache revalidated)
npm http fetch GET 200 https://registry.npmjs.org/sprintf-js 1110ms (cache revalidated)
npm http fetch GET 200 https://registry.npmjs.org/slice-ansi 90ms (cache revalidated)
npm http fetch GET 200 https://registry.npmjs.org/set-blocking 361ms (cache revalidated)
npm http fetch GET 200 https://registry.npmjs.org/colorette 531ms (cache revalidated)
npm http fetch GET 200 https://registry.npmjs.org/which-module 636ms (cache revalidated)
npm http fetch GET 200 https://registry.npmjs.org/require-main-filename 644ms (cache revalidated)
npm http fetch GET 200 https://registry.npmjs.org/decamelize 1157ms (cache revalidated)
npm http fetch GET 200 https://registry.npmjs.org/is-fullwidth-code-point 80ms (cache revalidated)
npm http fetch GET 200 https://registry.npmjs.org/astral-regex 83ms (cache revalidated)
npm http fetch GET 200 https://registry.npmjs.org/lodash.throttle 338ms (cache revalidated)
npm http fetch GET 200 https://registry.npmjs.org/jsc-safe-url 342ms (cache revalidated)
npm http fetch GET 200 https://registry.npmjs.org/metro-cache-key 359ms (cache revalidated)
npm http fetch GET 200 https://registry.npmjs.org/metro-file-map 403ms (cache revalidated)
npm http fetch GET 200 https://registry.npmjs.org/error-stack-parser 436ms (cache revalidated)
npm http fetch GET 200 https://registry.npmjs.org/image-size 451ms (cache revalidated)
npm http fetch GET 200 https://registry.npmjs.org/metro-babel-transformer 562ms (cache revalidated)
npm http fetch GET 200 https://registry.npmjs.org/exponential-backoff 57ms (cache revalidated)
npm http fetch GET 200 https://registry.npmjs.org/metro-resolver 341ms (cache revalidated)
npm http fetch GET 200 https://registry.npmjs.org/metro-transform-plugins 415ms (cache revalidated)
npm http fetch GET 200 https://registry.npmjs.org/serialize-error 350ms (cache revalidated)
npm http fetch GET 200 https://registry.npmjs.org/throat 387ms (cache revalidated)
npm http fetch GET 200 https://registry.npmjs.org/metro-symbolicate 650ms (cache revalidated)
npm http fetch GET 200 https://registry.npmjs.org/metro-transform-worker 632ms (cache revalidated)
npm http fetch GET 200 https://registry.npmjs.org/https-proxy-agent 425ms (cache revalidated)
npm http fetch GET 200 https://registry.npmjs.org/bufferutil 612ms (cache revalidated)
npm http fetch GET 200 https://registry.npmjs.org/utf-8-validate 476ms (cache revalidated)
npm http fetch GET 200 https://registry.npmjs.org/queue 357ms (cache revalidated)
npm http fetch GET 200 https://registry.npmjs.org/vlq 356ms (cache revalidated)
npm http fetch GET 200 https://registry.npmjs.org/vlq 359ms (cache revalidated)
npm http fetch GET 200 https://registry.npmjs.org/metro-minify-terser 368ms (cache revalidated)
npm http fetch GET 200 https://registry.npmjs.org/ob1 387ms (cache revalidated)
npm http fetch GET 200 https://registry.npmjs.org/stackframe 393ms (cache revalidated)
npm http fetch GET 200 https://registry.npmjs.org/agent-base 522ms (cache revalidated)
npm http fetch GET 200 https://registry.npmjs.org/terser 364ms (cache revalidated)
npm http fetch GET 200 https://registry.npmjs.org/@jridgewell%2fsource-map 829ms (cache revalidated)
npm http fetch GET 200 https://registry.npmjs.org/fill-range 178ms (cache revalidated)
npm http fetch GET 200 https://registry.npmjs.org/to-regex-range 352ms (cache revalidated)
npm http fetch GET 200 https://registry.npmjs.org/is-number 54ms (cache revalidated)
npm http fetch GET 200 https://registry.npmjs.org/balanced-match 51ms (cache revalidated)
npm http fetch GET 200 https://registry.npmjs.org/buffer 78ms (cache revalidated)
npm http fetch GET 200 https://registry.npmjs.org/restore-cursor 88ms (cache revalidated)
npm http fetch GET 200 https://registry.npmjs.org/readable-stream 92ms (cache revalidated)
npm http fetch GET 200 https://registry.npmjs.org/string_decoder 93ms (cache revalidated)
npm http fetch GET 200 https://registry.npmjs.org/util-deprecate 95ms (cache revalidated)
npm http fetch GET 200 https://registry.npmjs.org/ieee754 933ms (cache revalidated)
npm http fetch GET 200 https://registry.npmjs.org/is-arrayish 642ms (cache revalidated)
npm http cache https://registry.npmjs.org/react 40ms (cache hit)
npm http cache https://registry.npmjs.org/@react-native-community%2fcli 68ms (cache hit)
npm http fetch GET 200 https://registry.npmjs.org/asap 387ms (cache revalidated)
npm http fetch GET 200 https://registry.npmjs.org/event-target-shim 671ms (cache revalidated)
npm http fetch GET 200 https://registry.npmjs.org/@react-native%2fdev-middleware 1123ms (cache updated)
npm http fetch GET 200 https://registry.npmjs.org/chrome-launcher 233ms (cache revalidated)
npm http fetch GET 200 https://registry.npmjs.org/chromium-edge-launcher 262ms (cache revalidated)
npm http fetch GET 200 https://registry.npmjs.org/@react-native%2fdebugger-frontend 1450ms (cache updated)
npm http fetch GET 200 https://registry.npmjs.org/@react-native%2fdebugger-shell 1907ms (cache updated)
npm http fetch GET 200 https://registry.npmjs.org/@isaacs%2fttlcache 2179ms (cache revalidated)
npm http fetch GET 200 https://registry.npmjs.org/is-docker 74ms (cache revalidated)
npm http fetch GET 200 https://registry.npmjs.org/lighthouse-logger 332ms (cache revalidated)
npm http fetch GET 200 https://registry.npmjs.org/lighthouse-logger 331ms (cache revalidated)
npm http fetch GET 200 https://registry.npmjs.org/fb-dotslash 365ms (cache revalidated)
npm http fetch GET 200 https://registry.npmjs.org/mkdirp 448ms (cache revalidated)
npm http fetch GET 200 https://registry.npmjs.org/marky 404ms (cache revalidated)
npm http fetch GET 200 https://registry.npmjs.org/css-what 338ms (cache revalidated)
npm http fetch GET 200 https://registry.npmjs.org/boolbase 348ms (cache revalidated)
npm http fetch GET 200 https://registry.npmjs.org/domhandler 571ms (cache revalidated)
npm http fetch GET 200 https://registry.npmjs.org/mdn-data 844ms (cache revalidated)
npm http fetch GET 200 https://registry.npmjs.org/domutils 851ms (cache revalidated)
npm http fetch GET 200 https://registry.npmjs.org/nth-check 1136ms (cache revalidated)
npm http fetch GET 200 https://registry.npmjs.org/dom-serializer 364ms (cache revalidated)
npm http fetch GET 200 https://registry.npmjs.org/domelementtype 442ms (cache revalidated)
npm http fetch GET 200 https://registry.npmjs.org/domelementtype 443ms (cache revalidated)
npm http fetch GET 200 https://registry.npmjs.org/entities 366ms (cache revalidated)
npm http fetch GET 200 https://registry.npmjs.org/unicode-canonical-property-names-ecmascript 452ms (cache revalidated)
npm http fetch GET 200 https://registry.npmjs.org/unicode-property-aliases-ecmascript 632ms (cache revalidated)
npm http fetch GET 200 https://registry.npmjs.org/etag 63ms (cache revalidated)
npm http fetch GET 200 https://registry.npmjs.org/range-parser 62ms (cache revalidated)
npm http fetch GET 200 https://registry.npmjs.org/destroy 69ms (cache revalidated)
npm http fetch GET 200 https://registry.npmjs.org/fresh 89ms (cache revalidated)
npm http fetch GET 200 https://registry.npmjs.org/which-builtin-type 60ms (cache revalidated)
npm http fetch GET 200 https://registry.npmjs.org/is-async-function 57ms (cache revalidated)
npm http fetch GET 200 https://registry.npmjs.org/which-collection 58ms (cache revalidated)
npm http fetch GET 200 https://registry.npmjs.org/is-generator-function 60ms (cache revalidated)
npm http fetch GET 200 https://registry.npmjs.org/is-finalizationregistry 65ms (cache revalidated)
npm http fetch GET 200 https://registry.npmjs.org/is-bigint 375ms (cache revalidated)
npm http fetch GET 200 https://registry.npmjs.org/is-number-object 458ms (cache revalidated)
npm http fetch GET 200 https://registry.npmjs.org/is-boolean-object 543ms (cache revalidated)
npm http fetch GET 200 https://registry.npmjs.org/tmpl 356ms (cache revalidated)
npm http fetch GET 200 https://registry.npmjs.org/clone 405ms (cache revalidated)
npm http fetch GET 200 https://registry.npmjs.org/is-weakmap 320ms (cache revalidated)
npm http fetch GET 200 https://registry.npmjs.org/is-map 334ms (cache revalidated)
npm http fetch GET 200 https://registry.npmjs.org/async-function 335ms (cache revalidated)
npm http fetch GET 200 https://registry.npmjs.org/is-weakset 353ms (cache revalidated)
npm http fetch GET 200 https://registry.npmjs.org/generator-function 1854ms (cache revalidated)
npm http fetch GET 200 https://registry.npmjs.org/wrap-ansi 73ms (cache revalidated)
npm http fetch GET 200 https://registry.npmjs.org/emoji-regex 75ms (cache revalidated)
npm http fetch GET 200 https://registry.npmjs.org/concat-map 84ms (cache revalidated)
npm http fetch GET 200 https://registry.npmjs.org/p-try 348ms (cache revalidated)
npm warn EBADENGINE Unsupported engine {
npm warn EBADENGINE   package: '@react-native/babel-preset@0.85.3',
npm warn EBADENGINE   required: { node: '^20.19.4 || ^22.13.0 || ^24.3.0 || >= 25.0.0' },
npm warn EBADENGINE   current: { node: 'v23.7.0', npm: '11.4.2' }
npm warn EBADENGINE }
npm warn EBADENGINE Unsupported engine {
npm warn EBADENGINE   package: '@react-native/eslint-config@0.85.3',
npm warn EBADENGINE   required: { node: '^20.19.4 || ^22.13.0 || ^24.3.0 || >= 25.0.0' },
npm warn EBADENGINE   current: { node: 'v23.7.0', npm: '11.4.2' }
npm warn EBADENGINE }
npm warn EBADENGINE Unsupported engine {
npm warn EBADENGINE   package: '@react-native/metro-config@0.85.3',
npm warn EBADENGINE   required: { node: '^20.19.4 || ^22.13.0 || ^24.3.0 || >= 25.0.0' },
npm warn EBADENGINE   current: { node: 'v23.7.0', npm: '11.4.2' }
npm warn EBADENGINE }
npm warn EBADENGINE Unsupported engine {
npm warn EBADENGINE   package: '@react-native/new-app-screen@0.85.3',
npm warn EBADENGINE   required: { node: '^20.19.4 || ^22.13.0 || ^24.3.0 || >= 25.0.0' },
npm warn EBADENGINE   current: { node: 'v23.7.0', npm: '11.4.2' }
npm warn EBADENGINE }
npm warn EBADENGINE Unsupported engine {
npm warn EBADENGINE   package: 'react-native@0.85.3',
npm warn EBADENGINE   required: { node: '^20.19.4 || ^22.13.0 || ^24.3.0 || >= 25.0.0' },
npm warn EBADENGINE   current: { node: 'v23.7.0', npm: '11.4.2' }
npm warn EBADENGINE }
npm warn EBADENGINE Unsupported engine {
npm warn EBADENGINE   package: '@react-native/babel-plugin-codegen@0.85.3',
npm warn EBADENGINE   required: { node: '^20.19.4 || ^22.13.0 || ^24.3.0 || >= 25.0.0' },
npm warn EBADENGINE   current: { node: 'v23.7.0', npm: '11.4.2' }
npm warn EBADENGINE }
npm warn EBADENGINE Unsupported engine {
npm warn EBADENGINE   package: '@react-native/codegen@0.85.3',
npm warn EBADENGINE   required: { node: '^20.19.4 || ^22.13.0 || ^24.3.0 || >= 25.0.0' },
npm warn EBADENGINE   current: { node: 'v23.7.0', npm: '11.4.2' }
npm warn EBADENGINE }
npm warn EBADENGINE Unsupported engine {
npm warn EBADENGINE   package: '@react-native/eslint-plugin@0.85.3',
npm warn EBADENGINE   required: { node: '^20.19.4 || ^22.13.0 || ^24.3.0 || >= 25.0.0' },
npm warn EBADENGINE   current: { node: 'v23.7.0', npm: '11.4.2' }
npm warn EBADENGINE }
npm warn EBADENGINE Unsupported engine {
npm warn EBADENGINE   package: 'eslint-plugin-jest@29.15.2',
npm warn EBADENGINE   required: { node: '^20.12.0 || ^22.0.0 || >=24.0.0' },
npm warn EBADENGINE   current: { node: 'v23.7.0', npm: '11.4.2' }
npm warn EBADENGINE }
npm warn EBADENGINE Unsupported engine {
npm warn EBADENGINE   package: '@react-native/js-polyfills@0.85.3',
npm warn EBADENGINE   required: { node: '^20.19.4 || ^22.13.0 || ^24.3.0 || >= 25.0.0' },
npm warn EBADENGINE   current: { node: 'v23.7.0', npm: '11.4.2' }
npm warn EBADENGINE }
npm warn EBADENGINE Unsupported engine {
npm warn EBADENGINE   package: '@react-native/metro-babel-transformer@0.85.3',
npm warn EBADENGINE   required: { node: '^20.19.4 || ^22.13.0 || ^24.3.0 || >= 25.0.0' },
npm warn EBADENGINE   current: { node: 'v23.7.0', npm: '11.4.2' }
npm warn EBADENGINE }
npm warn EBADENGINE Unsupported engine {
npm warn EBADENGINE   package: 'metro-config@0.84.4',
npm warn EBADENGINE   required: { node: '^20.19.4 || ^22.13.0 || ^24.3.0 || >= 25.0.0' },
npm warn EBADENGINE   current: { node: 'v23.7.0', npm: '11.4.2' }
npm warn EBADENGINE }
npm warn EBADENGINE Unsupported engine {
npm warn EBADENGINE   package: 'metro-runtime@0.84.4',
npm warn EBADENGINE   required: { node: '^20.19.4 || ^22.13.0 || ^24.3.0 || >= 25.0.0' },
npm warn EBADENGINE   current: { node: 'v23.7.0', npm: '11.4.2' }
npm warn EBADENGINE }
npm warn EBADENGINE Unsupported engine {
npm warn EBADENGINE   package: 'eslint-visitor-keys@5.0.1',
npm warn EBADENGINE   required: { node: '^20.19.0 || ^22.13.0 || >=24' },
npm warn EBADENGINE   current: { node: 'v23.7.0', npm: '11.4.2' }
npm warn EBADENGINE }
npm warn EBADENGINE Unsupported engine {
npm warn EBADENGINE   package: 'metro@0.84.4',
npm warn EBADENGINE   required: { node: '^20.19.4 || ^22.13.0 || ^24.3.0 || >= 25.0.0' },
npm warn EBADENGINE   current: { node: 'v23.7.0', npm: '11.4.2' }
npm warn EBADENGINE }
npm warn EBADENGINE Unsupported engine {
npm warn EBADENGINE   package: 'metro-cache@0.84.4',
npm warn EBADENGINE   required: { node: '^20.19.4 || ^22.13.0 || ^24.3.0 || >= 25.0.0' },
npm warn EBADENGINE   current: { node: 'v23.7.0', npm: '11.4.2' }
npm warn EBADENGINE }
npm warn EBADENGINE Unsupported engine {
npm warn EBADENGINE   package: 'metro-core@0.84.4',
npm warn EBADENGINE   required: { node: '^20.19.4 || ^22.13.0 || ^24.3.0 || >= 25.0.0' },
npm warn EBADENGINE   current: { node: 'v23.7.0', npm: '11.4.2' }
npm warn EBADENGINE }
npm warn EBADENGINE Unsupported engine {
npm warn EBADENGINE   package: 'metro-babel-transformer@0.84.4',
npm warn EBADENGINE   required: { node: '^20.19.4 || ^22.13.0 || ^24.3.0 || >= 25.0.0' },
npm warn EBADENGINE   current: { node: 'v23.7.0', npm: '11.4.2' }
npm warn EBADENGINE }
npm warn EBADENGINE Unsupported engine {
npm warn EBADENGINE   package: 'metro-cache-key@0.84.4',
npm warn EBADENGINE   required: { node: '^20.19.4 || ^22.13.0 || ^24.3.0 || >= 25.0.0' },
npm warn EBADENGINE   current: { node: 'v23.7.0', npm: '11.4.2' }
npm warn EBADENGINE }
npm warn EBADENGINE Unsupported engine {
npm warn EBADENGINE   package: 'metro-file-map@0.84.4',
npm warn EBADENGINE   required: { node: '^20.19.4 || ^22.13.0 || ^24.3.0 || >= 25.0.0' },
npm warn EBADENGINE   current: { node: 'v23.7.0', npm: '11.4.2' }
npm warn EBADENGINE }
npm warn EBADENGINE Unsupported engine {
npm warn EBADENGINE   package: 'metro-resolver@0.84.4',
npm warn EBADENGINE   required: { node: '^20.19.4 || ^22.13.0 || ^24.3.0 || >= 25.0.0' },
npm warn EBADENGINE   current: { node: 'v23.7.0', npm: '11.4.2' }
npm warn EBADENGINE }
npm warn EBADENGINE Unsupported engine {
npm warn EBADENGINE   package: 'metro-source-map@0.84.4',
npm warn EBADENGINE   required: { node: '^20.19.4 || ^22.13.0 || ^24.3.0 || >= 25.0.0' },
npm warn EBADENGINE   current: { node: 'v23.7.0', npm: '11.4.2' }
npm warn EBADENGINE }
npm warn EBADENGINE Unsupported engine {
npm warn EBADENGINE   package: 'metro-symbolicate@0.84.4',
npm warn EBADENGINE   required: { node: '^20.19.4 || ^22.13.0 || ^24.3.0 || >= 25.0.0' },
npm warn EBADENGINE   current: { node: 'v23.7.0', npm: '11.4.2' }
npm warn EBADENGINE }
npm warn EBADENGINE Unsupported engine {
npm warn EBADENGINE   package: 'metro-transform-plugins@0.84.4',
npm warn EBADENGINE   required: { node: '^20.19.4 || ^22.13.0 || ^24.3.0 || >= 25.0.0' },
npm warn EBADENGINE   current: { node: 'v23.7.0', npm: '11.4.2' }
npm warn EBADENGINE }
npm warn EBADENGINE Unsupported engine {
npm warn EBADENGINE   package: 'metro-transform-worker@0.84.4',
npm warn EBADENGINE   required: { node: '^20.19.4 || ^22.13.0 || ^24.3.0 || >= 25.0.0' },
npm warn EBADENGINE   current: { node: 'v23.7.0', npm: '11.4.2' }
npm warn EBADENGINE }
npm warn EBADENGINE Unsupported engine {
npm warn EBADENGINE   package: 'ob1@0.84.4',
npm warn EBADENGINE   required: { node: '^20.19.4 || ^22.13.0 || ^24.3.0 || >= 25.0.0' },
npm warn EBADENGINE   current: { node: 'v23.7.0', npm: '11.4.2' }
npm warn EBADENGINE }
npm warn EBADENGINE Unsupported engine {
npm warn EBADENGINE   package: 'metro-minify-terser@0.84.4',
npm warn EBADENGINE   required: { node: '^20.19.4 || ^22.13.0 || ^24.3.0 || >= 25.0.0' },
npm warn EBADENGINE   current: { node: 'v23.7.0', npm: '11.4.2' }
npm warn EBADENGINE }
npm warn EBADENGINE Unsupported engine {
npm warn EBADENGINE   package: '@react-native/assets-registry@0.85.3',
npm warn EBADENGINE   required: { node: '^20.19.4 || ^22.13.0 || ^24.3.0 || >= 25.0.0' },
npm warn EBADENGINE   current: { node: 'v23.7.0', npm: '11.4.2' }
npm warn EBADENGINE }
npm warn EBADENGINE Unsupported engine {
npm warn EBADENGINE   package: '@react-native/community-cli-plugin@0.85.3',
npm warn EBADENGINE   required: { node: '^20.19.4 || ^22.13.0 || ^24.3.0 || >= 25.0.0' },
npm warn EBADENGINE   current: { node: 'v23.7.0', npm: '11.4.2' }
npm warn EBADENGINE }
npm warn EBADENGINE Unsupported engine {
npm warn EBADENGINE   package: '@react-native/gradle-plugin@0.85.3',
npm warn EBADENGINE   required: { node: '^20.19.4 || ^22.13.0 || ^24.3.0 || >= 25.0.0' },
npm warn EBADENGINE   current: { node: 'v23.7.0', npm: '11.4.2' }
npm warn EBADENGINE }
npm warn EBADENGINE Unsupported engine {
npm warn EBADENGINE   package: '@react-native/virtualized-lists@0.85.3',
npm warn EBADENGINE   required: { node: '^20.19.4 || ^22.13.0 || ^24.3.0 || >= 25.0.0' },
npm warn EBADENGINE   current: { node: 'v23.7.0', npm: '11.4.2' }
npm warn EBADENGINE }
npm warn EBADENGINE Unsupported engine {
npm warn EBADENGINE   package: '@react-native/dev-middleware@0.85.3',
npm warn EBADENGINE   required: { node: '^20.19.4 || ^22.13.0 || ^24.3.0 || >= 25.0.0' },
npm warn EBADENGINE   current: { node: 'v23.7.0', npm: '11.4.2' }
npm warn EBADENGINE }
npm warn EBADENGINE Unsupported engine {
npm warn EBADENGINE   package: '@react-native/debugger-frontend@0.85.3',
npm warn EBADENGINE   required: { node: '^20.19.4 || ^22.13.0 || ^24.3.0 || >= 25.0.0' },
npm warn EBADENGINE   current: { node: 'v23.7.0', npm: '11.4.2' }
npm warn EBADENGINE }
npm warn EBADENGINE Unsupported engine {
npm warn EBADENGINE   package: '@react-native/debugger-shell@0.85.3',
npm warn EBADENGINE   required: { node: '^20.19.4 || ^22.13.0 || ^24.3.0 || >= 25.0.0' },
npm warn EBADENGINE   current: { node: 'v23.7.0', npm: '11.4.2' }
npm warn EBADENGINE }
npm http cache set-blocking@https://registry.npmjs.org/set-blocking/-/set-blocking-2.0.0.tgz 6ms (cache hit)
npm http cache which-module@https://registry.npmjs.org/which-module/-/which-module-2.0.1.tgz 0ms (cache hit)
npm http cache require-main-filename@https://registry.npmjs.org/require-main-filename/-/require-main-filename-2.0.0.tgz 0ms (cache hit)
npm http cache decamelize@https://registry.npmjs.org/decamelize/-/decamelize-1.2.0.tgz 0ms (cache hit)
npm http cache is-docker@https://registry.npmjs.org/is-docker/-/is-docker-2.2.1.tgz 0ms (cache hit)
npm http cache node-exports-info@https://registry.npmjs.org/node-exports-info/-/node-exports-info-1.6.0.tgz 0ms (cache hit)
npm http cache xml-naming@https://registry.npmjs.org/xml-naming/-/xml-naming-0.1.0.tgz 0ms (cache hit)
npm http cache fast-xml-builder@https://registry.npmjs.org/fast-xml-builder/-/fast-xml-builder-1.2.0.tgz 0ms (cache hit)
npm http cache path-expression-matcher@https://registry.npmjs.org/path-expression-matcher/-/path-expression-matcher-1.5.0.tgz 0ms (cache hit)
npm http cache @nodable/entities@https://registry.npmjs.org/@nodable/entities/-/entities-2.1.1.tgz 0ms (cache hit)
npm http cache p-try@https://registry.npmjs.org/p-try/-/p-try-2.2.0.tgz 0ms (cache hit)
npm http cache concat-map@https://registry.npmjs.org/concat-map/-/concat-map-0.0.1.tgz 0ms (cache hit)
npm http cache emoji-regex@https://registry.npmjs.org/emoji-regex/-/emoji-regex-8.0.0.tgz 0ms (cache hit)
npm http cache wrap-ansi@https://registry.npmjs.org/wrap-ansi/-/wrap-ansi-7.0.0.tgz 0ms (cache hit)
npm http cache y18n@https://registry.npmjs.org/y18n/-/y18n-5.0.8.tgz 0ms (cache hit)
npm http cache string-width@https://registry.npmjs.org/string-width/-/string-width-4.2.3.tgz 1ms (cache hit)
npm http cache yargs-parser@https://registry.npmjs.org/yargs-parser/-/yargs-parser-21.1.1.tgz 0ms (cache hit)
npm http cache require-directory@https://registry.npmjs.org/require-directory/-/require-directory-2.1.1.tgz 0ms (cache hit)
npm http cache cliui@https://registry.npmjs.org/cliui/-/cliui-8.0.1.tgz 0ms (cache hit)
npm http cache get-caller-file@https://registry.npmjs.org/get-caller-file/-/get-caller-file-2.0.5.tgz 0ms (cache hit)
npm http cache async-limiter@https://registry.npmjs.org/async-limiter/-/async-limiter-1.0.1.tgz 0ms (cache hit)
npm http cache is-weakset@https://registry.npmjs.org/is-weakset/-/is-weakset-2.0.4.tgz 0ms (cache hit)
npm http cache is-weakmap@https://registry.npmjs.org/is-weakmap/-/is-weakmap-2.0.2.tgz 0ms (cache hit)
npm http cache is-map@https://registry.npmjs.org/is-map/-/is-map-2.0.3.tgz 0ms (cache hit)
npm http cache generator-function@https://registry.npmjs.org/generator-function/-/generator-function-2.0.1.tgz 0ms (cache hit)
npm http cache async-function@https://registry.npmjs.org/async-function/-/async-function-1.0.0.tgz 0ms (cache hit)
npm http cache which-collection@https://registry.npmjs.org/which-collection/-/which-collection-1.0.2.tgz 0ms (cache hit)
npm http cache is-generator-function@https://registry.npmjs.org/is-generator-function/-/is-generator-function-1.1.2.tgz 0ms (cache hit)
npm http cache is-finalizationregistry@https://registry.npmjs.org/is-finalizationregistry/-/is-finalizationregistry-1.1.1.tgz 0ms (cache hit)
npm http cache is-async-function@https://registry.npmjs.org/is-async-function/-/is-async-function-2.1.1.tgz 0ms (cache hit)
npm http cache is-number-object@https://registry.npmjs.org/is-number-object/-/is-number-object-1.1.1.tgz 0ms (cache hit)
npm http cache is-boolean-object@https://registry.npmjs.org/is-boolean-object/-/is-boolean-object-1.2.2.tgz 0ms (cache hit)
npm http cache is-bigint@https://registry.npmjs.org/is-bigint/-/is-bigint-1.1.0.tgz 0ms (cache hit)
npm http cache isexe@https://registry.npmjs.org/isexe/-/isexe-2.0.0.tgz 0ms (cache hit)
npm http cache clone@https://registry.npmjs.org/clone/-/clone-1.0.4.tgz 0ms (cache hit)
npm http cache defaults@https://registry.npmjs.org/defaults/-/defaults-1.0.4.tgz 0ms (cache hit)
npm http cache makeerror@https://registry.npmjs.org/makeerror/-/makeerror-1.0.12.tgz 0ms (cache hit)
npm http cache punycode@https://registry.npmjs.org/punycode/-/punycode-2.3.1.tgz 0ms (cache hit)
npm http cache escalade@https://registry.npmjs.org/escalade/-/escalade-3.2.0.tgz 0ms (cache hit)
npm http cache tmpl@https://registry.npmjs.org/tmpl/-/tmpl-1.0.5.tgz 0ms (cache hit)
npm http cache unicode-property-aliases-ecmascript@https://registry.npmjs.org/unicode-property-aliases-ecmascript/-/unicode-property-aliases-ecmascript-2.2.0.tgz 0ms (cache hit)
npm http cache unicode-canonical-property-names-ecmascript@https://registry.npmjs.org/unicode-canonical-property-names-ecmascript/-/unicode-canonical-property-names-ecmascript-2.0.1.tgz 0ms (cache hit)
npm http cache has-bigints@https://registry.npmjs.org/has-bigints/-/has-bigints-1.1.0.tgz 0ms (cache hit)
npm http cache media-typer@https://registry.npmjs.org/media-typer/-/media-typer-1.1.0.tgz 0ms (cache hit)
npm http cache which-boxed-primitive@https://registry.npmjs.org/which-boxed-primitive/-/which-boxed-primitive-1.1.1.tgz 0ms (cache hit)
npm http cache which-builtin-type@https://registry.npmjs.org/which-builtin-type/-/which-builtin-type-1.2.1.tgz 0ms (cache hit)
npm http cache is-number@https://registry.npmjs.org/is-number/-/is-number-7.0.0.tgz 0ms (cache hit)
npm http cache @jridgewell/source-map@https://registry.npmjs.org/@jridgewell/source-map/-/source-map-0.3.11.tgz 0ms (cache hit)
npm http cache reflect.getprototypeof@https://registry.npmjs.org/reflect.getprototypeof/-/reflect.getprototypeof-1.0.10.tgz 0ms (cache hit)
npm http cache char-regex@https://registry.npmjs.org/char-regex/-/char-regex-1.0.2.tgz 0ms (cache hit)
npm http cache has-flag@https://registry.npmjs.org/has-flag/-/has-flag-4.0.0.tgz 0ms (cache hit)
npm http cache for-each@https://registry.npmjs.org/for-each/-/for-each-0.3.5.tgz 0ms (cache hit)
npm http cache buffer-from@https://registry.npmjs.org/buffer-from/-/buffer-from-1.1.2.tgz 0ms (cache hit)
npm http cache astral-regex@https://registry.npmjs.org/astral-regex/-/astral-regex-1.0.0.tgz 0ms (cache hit)
npm http cache side-channel-weakmap@https://registry.npmjs.org/side-channel-weakmap/-/side-channel-weakmap-1.0.2.tgz 0ms (cache hit)
npm http cache shebang-regex@https://registry.npmjs.org/shebang-regex/-/shebang-regex-3.0.0.tgz 0ms (cache hit)
npm http cache side-channel-map@https://registry.npmjs.org/side-channel-map/-/side-channel-map-1.0.1.tgz 0ms (cache hit)
npm http cache side-channel-list@https://registry.npmjs.org/side-channel-list/-/side-channel-list-1.0.1.tgz 0ms (cache hit)
npm http cache destroy@https://registry.npmjs.org/destroy/-/destroy-1.2.0.tgz 0ms (cache hit)
npm http cache etag@https://registry.npmjs.org/etag/-/etag-1.8.1.tgz 0ms (cache hit)
npm http cache send@https://registry.npmjs.org/send/-/send-0.19.2.tgz 0ms (cache hit)
npm http cache range-parser@https://registry.npmjs.org/range-parser/-/range-parser-1.2.1.tgz 0ms (cache hit)
npm http cache queue-microtask@https://registry.npmjs.org/queue-microtask/-/queue-microtask-1.2.3.tgz 0ms (cache hit)
npm http cache supports-preserve-symlinks-flag@https://registry.npmjs.org/supports-preserve-symlinks-flag/-/supports-preserve-symlinks-flag-1.0.0.tgz 0ms (cache hit)
npm http cache isarray@https://registry.npmjs.org/isarray/-/isarray-2.0.5.tgz 0ms (cache hit)
npm http cache path-parse@https://registry.npmjs.org/path-parse/-/path-parse-1.0.7.tgz 0ms (cache hit)
npm http cache is-core-module@https://registry.npmjs.org/is-core-module/-/is-core-module-2.16.2.tgz 0ms (cache hit)
npm http cache unicode-match-property-ecmascript@https://registry.npmjs.org/unicode-match-property-ecmascript/-/unicode-match-property-ecmascript-2.0.0.tgz 0ms (cache hit)
npm http cache regjsparser@https://registry.npmjs.org/regjsparser/-/regjsparser-0.13.1.tgz 0ms (cache hit)
npm http cache unicode-match-property-value-ecmascript@https://registry.npmjs.org/unicode-match-property-value-ecmascript/-/unicode-match-property-value-ecmascript-2.2.1.tgz 0ms (cache hit)
npm http cache util-deprecate@https://registry.npmjs.org/util-deprecate/-/util-deprecate-1.0.2.tgz 0ms (cache hit)
npm http cache entities@https://registry.npmjs.org/entities/-/entities-4.5.0.tgz 0ms (cache hit)
npm http cache domelementtype@https://registry.npmjs.org/domelementtype/-/domelementtype-2.3.0.tgz 1ms (cache hit)
npm http cache regenerate-unicode-properties@https://registry.npmjs.org/regenerate-unicode-properties/-/regenerate-unicode-properties-10.2.2.tgz 0ms (cache hit)
npm http cache string_decoder@https://registry.npmjs.org/string_decoder/-/string_decoder-1.3.0.tgz 0ms (cache hit)
npm http cache mdn-data@https://registry.npmjs.org/mdn-data/-/mdn-data-2.0.14.tgz 8ms (cache hit)
npm http cache nth-check@https://registry.npmjs.org/nth-check/-/nth-check-2.1.1.tgz 0ms (cache hit)
npm http cache is-fullwidth-code-point@https://registry.npmjs.org/is-fullwidth-code-point/-/is-fullwidth-code-point-2.0.0.tgz 0ms (cache hit)
npm http cache domhandler@https://registry.npmjs.org/domhandler/-/domhandler-5.0.3.tgz 0ms (cache hit)
npm http cache css-what@https://registry.npmjs.org/css-what/-/css-what-6.2.2.tgz 0ms (cache hit)
npm http cache domutils@https://registry.npmjs.org/domutils/-/domutils-3.2.2.tgz 0ms (cache hit)
npm http cache css-tree@https://registry.npmjs.org/css-tree/-/css-tree-1.1.3.tgz 0ms (cache hit)
npm http cache boolbase@https://registry.npmjs.org/boolbase/-/boolbase-1.0.0.tgz 0ms (cache hit)
npm http cache css-select@https://registry.npmjs.org/css-select/-/css-select-5.2.2.tgz 0ms (cache hit)
npm http cache marky@https://registry.npmjs.org/marky/-/marky-1.3.0.tgz 0ms (cache hit)
npm http cache mkdirp@https://registry.npmjs.org/mkdirp/-/mkdirp-1.0.4.tgz 0ms (cache hit)
npm http cache fb-dotslash@https://registry.npmjs.org/fb-dotslash/-/fb-dotslash-0.5.8.tgz 0ms (cache hit)
npm http cache dom-serializer@https://registry.npmjs.org/dom-serializer/-/dom-serializer-2.0.0.tgz 0ms (cache hit)
npm http cache lighthouse-logger@https://registry.npmjs.org/lighthouse-logger/-/lighthouse-logger-1.4.2.tgz 0ms (cache hit)
npm http cache event-target-shim@https://registry.npmjs.org/event-target-shim/-/event-target-shim-5.0.1.tgz 0ms (cache hit)
npm http cache chromium-edge-launcher@https://registry.npmjs.org/chromium-edge-launcher/-/chromium-edge-launcher-0.3.0.tgz 0ms (cache hit)
npm http cache asap@https://registry.npmjs.org/asap/-/asap-2.0.6.tgz 0ms (cache hit)
npm http cache chrome-launcher@https://registry.npmjs.org/chrome-launcher/-/chrome-launcher-0.15.2.tgz 1ms (cache hit)
npm http cache @isaacs/ttlcache@https://registry.npmjs.org/@isaacs/ttlcache/-/ttlcache-1.4.1.tgz 0ms (cache hit)
npm http cache @react-native/debugger-frontend@https://registry.npmjs.org/@react-native/debugger-frontend/-/debugger-frontend-0.85.3.tgz 0ms (cache hit)
npm http cache @react-native/debugger-shell@https://registry.npmjs.org/@react-native/debugger-shell/-/debugger-shell-0.85.3.tgz 0ms (cache hit)
npm http cache whatwg-fetch@https://registry.npmjs.org/whatwg-fetch/-/whatwg-fetch-3.6.20.tgz 0ms (cache hit)
npm http cache @react-native/dev-middleware@https://registry.npmjs.org/@react-native/dev-middleware/-/dev-middleware-0.85.3.tgz 0ms (cache hit)
npm http cache stacktrace-parser@https://registry.npmjs.org/stacktrace-parser/-/stacktrace-parser-0.1.11.tgz 0ms (cache hit)
npm http cache scheduler@https://registry.npmjs.org/scheduler/-/scheduler-0.27.0.tgz 0ms (cache hit)
npm http cache react-devtools-core@https://registry.npmjs.org/react-devtools-core/-/react-devtools-core-6.1.5.tgz 0ms (cache hit)
npm http cache regenerate@https://registry.npmjs.org/regenerate/-/regenerate-1.4.2.tgz 0ms (cache hit)
npm http cache fresh@https://registry.npmjs.org/fresh/-/fresh-0.5.2.tgz 0ms (cache hit)
npm http cache promise@https://registry.npmjs.org/promise/-/promise-8.3.0.tgz 0ms (cache hit)
npm http cache memoize-one@https://registry.npmjs.org/memoize-one/-/memoize-one-5.2.1.tgz 0ms (cache hit)
npm http cache anser@https://registry.npmjs.org/anser/-/anser-1.4.10.tgz 0ms (cache hit)
npm http cache @react-native/virtualized-lists@https://registry.npmjs.org/@react-native/virtualized-lists/-/virtualized-lists-0.85.3.tgz 0ms (cache hit)
npm http cache ansi-regex@https://registry.npmjs.org/ansi-regex/-/ansi-regex-5.0.1.tgz 0ms (cache hit)
npm http cache regjsgen@https://registry.npmjs.org/regjsgen/-/regjsgen-0.8.0.tgz 0ms (cache hit)
npm http cache @react-native/normalize-colors@https://registry.npmjs.org/@react-native/normalize-colors/-/normalize-colors-0.85.3.tgz 0ms (cache hit)
npm http cache abort-controller@https://registry.npmjs.org/abort-controller/-/abort-controller-3.0.0.tgz 0ms (cache hit)
npm http cache hermes-compiler@https://registry.npmjs.org/hermes-compiler/-/hermes-compiler-250829098.0.10.tgz 0ms (cache hit)
npm http cache @react-native/gradle-plugin@https://registry.npmjs.org/@react-native/gradle-plugin/-/gradle-plugin-0.85.3.tgz 0ms (cache hit)
npm http cache @react-native/community-cli-plugin@https://registry.npmjs.org/@react-native/community-cli-plugin/-/community-cli-plugin-0.85.3.tgz 0ms (cache hit)
npm http cache @react-native/assets-registry@https://registry.npmjs.org/@react-native/assets-registry/-/assets-registry-0.85.3.tgz 0ms (cache hit)
npm http cache object-assign@https://registry.npmjs.org/object-assign/-/object-assign-4.1.1.tgz 0ms (cache hit)
npm http cache react-is@https://registry.npmjs.org/react-is/-/react-is-18.3.1.tgz 0ms (cache hit)
npm http cache sisteransi@https://registry.npmjs.org/sisteransi/-/sisteransi-1.0.5.tgz 0ms (cache hit)
npm http cache kleur@https://registry.npmjs.org/kleur/-/kleur-3.0.3.tgz 0ms (cache hit)
npm http cache error-ex@https://registry.npmjs.org/error-ex/-/error-ex-1.3.4.tgz 0ms (cache hit)
npm http cache lines-and-columns@https://registry.npmjs.org/lines-and-columns/-/lines-and-columns-1.2.4.tgz 0ms (cache hit)
npm http cache restore-cursor@https://registry.npmjs.org/restore-cursor/-/restore-cursor-3.1.0.tgz 0ms (cache hit)
npm http cache json-parse-even-better-errors@https://registry.npmjs.org/json-parse-even-better-errors/-/json-parse-even-better-errors-2.3.1.tgz 0ms (cache hit)
npm http cache is-arrayish@https://registry.npmjs.org/is-arrayish/-/is-arrayish-0.2.1.tgz 0ms (cache hit)
npm http cache base64-js@https://registry.npmjs.org/base64-js/-/base64-js-1.5.1.tgz 0ms (cache hit)
npm http cache ieee754@https://registry.npmjs.org/ieee754/-/ieee754-1.2.1.tgz 0ms (cache hit)
npm http cache readable-stream@https://registry.npmjs.org/readable-stream/-/readable-stream-3.6.2.tgz 0ms (cache hit)
npm http cache log-symbols@https://registry.npmjs.org/log-symbols/-/log-symbols-4.1.0.tgz 0ms (cache hit)
npm http cache buffer@https://registry.npmjs.org/buffer/-/buffer-5.7.1.tgz 0ms (cache hit)
npm http cache is-unicode-supported@https://registry.npmjs.org/is-unicode-supported/-/is-unicode-supported-0.1.0.tgz 0ms (cache hit)
npm http cache is-interactive@https://registry.npmjs.org/is-interactive/-/is-interactive-1.0.0.tgz 0ms (cache hit)
npm http cache cli-spinners@https://registry.npmjs.org/cli-spinners/-/cli-spinners-2.9.2.tgz 0ms (cache hit)
npm http cache yocto-queue@https://registry.npmjs.org/yocto-queue/-/yocto-queue-0.1.0.tgz 0ms (cache hit)
npm http cache cli-cursor@https://registry.npmjs.org/cli-cursor/-/cli-cursor-3.1.0.tgz 0ms (cache hit)
npm http cache word-wrap@https://registry.npmjs.org/word-wrap/-/word-wrap-1.2.5.tgz 0ms (cache hit)
npm http cache bl@https://registry.npmjs.org/bl/-/bl-4.1.0.tgz 0ms (cache hit)
npm http cache deep-is@https://registry.npmjs.org/deep-is/-/deep-is-0.1.4.tgz 0ms (cache hit)
npm http cache fast-levenshtein@https://registry.npmjs.org/fast-levenshtein/-/fast-levenshtein-2.0.6.tgz 0ms (cache hit)
npm http cache is-wsl@https://registry.npmjs.org/is-wsl/-/is-wsl-1.1.0.tgz 0ms (cache hit)
npm http cache mimic-fn@https://registry.npmjs.org/mimic-fn/-/mimic-fn-2.1.0.tgz 0ms (cache hit)
npm http cache brace-expansion@https://registry.npmjs.org/brace-expansion/-/brace-expansion-5.0.6.tgz 0ms (cache hit)
npm http cache balanced-match@https://registry.npmjs.org/balanced-match/-/balanced-match-4.0.4.tgz 0ms (cache hit)
npm http cache fill-range@https://registry.npmjs.org/fill-range/-/fill-range-7.1.1.tgz 0ms (cache hit)
npm http cache to-regex-range@https://registry.npmjs.org/to-regex-range/-/to-regex-range-5.0.1.tgz 1ms (cache hit)
npm http cache terser@https://registry.npmjs.org/terser/-/terser-5.48.0.tgz 0ms (cache hit)
npm http cache braces@https://registry.npmjs.org/braces/-/braces-3.0.3.tgz 0ms (cache hit)
npm http cache ob1@https://registry.npmjs.org/ob1/-/ob1-0.84.4.tgz 0ms (cache hit)
npm http cache metro-minify-terser@https://registry.npmjs.org/metro-minify-terser/-/metro-minify-terser-0.84.4.tgz 0ms (cache hit)
npm http cache vlq@https://registry.npmjs.org/vlq/-/vlq-1.0.1.tgz 0ms (cache hit)
npm http cache agent-base@https://registry.npmjs.org/agent-base/-/agent-base-7.1.4.tgz 0ms (cache hit)
npm http cache https-proxy-agent@https://registry.npmjs.org/https-proxy-agent/-/https-proxy-agent-7.0.6.tgz 0ms (cache hit)
npm http cache exponential-backoff@https://registry.npmjs.org/exponential-backoff/-/exponential-backoff-3.1.3.tgz 1ms (cache hit)
npm http cache ee-first@https://registry.npmjs.org/ee-first/-/ee-first-1.1.1.tgz 0ms (cache hit)
npm http cache queue@https://registry.npmjs.org/queue/-/queue-6.0.2.tgz 0ms (cache hit)
npm http cache serialize-error@https://registry.npmjs.org/serialize-error/-/serialize-error-2.1.0.tgz 0ms (cache hit)
npm http cache metro-symbolicate@https://registry.npmjs.org/metro-symbolicate/-/metro-symbolicate-0.84.4.tgz 0ms (cache hit)
npm http cache throat@https://registry.npmjs.org/throat/-/throat-5.0.0.tgz 0ms (cache hit)
npm http cache metro-source-map@https://registry.npmjs.org/metro-source-map/-/metro-source-map-0.84.4.tgz 0ms (cache hit)
npm http cache metro-transform-worker@https://registry.npmjs.org/metro-transform-worker/-/metro-transform-worker-0.84.4.tgz 0ms (cache hit)
npm http cache metro-resolver@https://registry.npmjs.org/metro-resolver/-/metro-resolver-0.84.4.tgz 0ms (cache hit)
npm http cache metro-babel-transformer@https://registry.npmjs.org/metro-babel-transformer/-/metro-babel-transformer-0.84.4.tgz 0ms (cache hit)
npm http cache lodash.throttle@https://registry.npmjs.org/lodash.throttle/-/lodash.throttle-4.1.1.tgz 0ms (cache hit)
npm http cache stackframe@https://registry.npmjs.org/stackframe/-/stackframe-1.3.4.tgz 0ms (cache hit)
npm http cache metro-cache-key@https://registry.npmjs.org/metro-cache-key/-/metro-cache-key-0.84.4.tgz 0ms (cache hit)
npm http cache error-stack-parser@https://registry.npmjs.org/error-stack-parser/-/error-stack-parser-2.1.4.tgz 0ms (cache hit)
npm http cache jsc-safe-url@https://registry.npmjs.org/jsc-safe-url/-/jsc-safe-url-0.2.4.tgz 0ms (cache hit)
npm http cache metro-file-map@https://registry.npmjs.org/metro-file-map/-/metro-file-map-0.84.4.tgz 0ms (cache hit)
npm http cache metro-transform-plugins@https://registry.npmjs.org/metro-transform-plugins/-/metro-transform-plugins-0.84.4.tgz 0ms (cache hit)
npm http cache metro-core@https://registry.npmjs.org/metro-core/-/metro-core-0.84.4.tgz 0ms (cache hit)
npm http cache metro@https://registry.npmjs.org/metro/-/metro-0.84.4.tgz 0ms (cache hit)
npm http cache flow-enums-runtime@https://registry.npmjs.org/flow-enums-runtime/-/flow-enums-runtime-0.0.6.tgz 0ms (cache hit)
npm http cache colorette@https://registry.npmjs.org/colorette/-/colorette-1.4.0.tgz 0ms (cache hit)
npm http cache slice-ansi@https://registry.npmjs.org/slice-ansi/-/slice-ansi-2.1.0.tgz 0ms (cache hit)
npm http cache ansi-fragments@https://registry.npmjs.org/ansi-fragments/-/ansi-fragments-0.2.1.tgz 0ms (cache hit)
npm http cache metro-cache@https://registry.npmjs.org/metro-cache/-/metro-cache-0.84.4.tgz 0ms (cache hit)
npm http cache p-locate@https://registry.npmjs.org/p-locate/-/p-locate-5.0.0.tgz 0ms (cache hit)
npm http cache dayjs@https://registry.npmjs.org/dayjs/-/dayjs-1.11.21.tgz 0ms (cache hit)
npm http cache image-size@https://registry.npmjs.org/image-size/-/image-size-1.2.1.tgz 0ms (cache hit)
npm http cache type-check@https://registry.npmjs.org/type-check/-/type-check-0.4.0.tgz 0ms (cache hit)
npm http cache yallist@https://registry.npmjs.org/yallist/-/yallist-3.1.1.tgz 0ms (cache hit)
npm http cache prelude-ls@https://registry.npmjs.org/prelude-ls/-/prelude-ls-1.2.1.tgz 0ms (cache hit)
npm http cache shell-quote@https://registry.npmjs.org/shell-quote/-/shell-quote-1.8.4.tgz 0ms (cache hit)
npm http cache array.prototype.flat@https://registry.npmjs.org/array.prototype.flat/-/array.prototype.flat-1.3.3.tgz 0ms (cache hit)
npm http cache argparse@https://registry.npmjs.org/argparse/-/argparse-1.0.10.tgz 0ms (cache hit)
npm http cache sprintf-js@https://registry.npmjs.org/sprintf-js/-/sprintf-js-1.0.3.tgz 0ms (cache hit)
npm http cache @sideway/pinpoint@https://registry.npmjs.org/@sideway/pinpoint/-/pinpoint-2.0.0.tgz 0ms (cache hit)
npm http cache @sideway/formula@https://registry.npmjs.org/@sideway/formula/-/formula-3.0.1.tgz 0ms (cache hit)
npm http cache @sideway/address@https://registry.npmjs.org/@sideway/address/-/address-4.1.5.tgz 0ms (cache hit)
npm http cache leven@https://registry.npmjs.org/leven/-/leven-3.1.0.tgz 0ms (cache hit)
npm http cache @hapi/topo@https://registry.npmjs.org/@hapi/topo/-/topo-5.1.0.tgz 0ms (cache hit)
npm http cache callsites@https://registry.npmjs.org/callsites/-/callsites-3.1.0.tgz 0ms (cache hit)
npm http cache @hapi/hoek@https://registry.npmjs.org/@hapi/hoek/-/hoek-9.3.0.tgz 0ms (cache hit)
npm http cache strip-bom@https://registry.npmjs.org/strip-bom/-/strip-bom-4.0.0.tgz 0ms (cache hit)
npm http cache cjs-module-lexer@https://registry.npmjs.org/cjs-module-lexer/-/cjs-module-lexer-1.4.3.tgz 0ms (cache hit)
npm http cache @jest/source-map@https://registry.npmjs.org/@jest/source-map/-/source-map-29.6.3.tgz 0ms (cache hit)
npm http cache @jest/globals@https://registry.npmjs.org/@jest/globals/-/globals-29.7.0.tgz 0ms (cache hit)
npm http cache detect-newline@https://registry.npmjs.org/detect-newline/-/detect-newline-3.1.0.tgz 0ms (cache hit)
npm http cache source-map-support@https://registry.npmjs.org/source-map-support/-/source-map-support-0.5.13.tgz 0ms (cache hit)
npm http cache jest-leak-detector@https://registry.npmjs.org/jest-leak-detector/-/jest-leak-detector-29.7.0.tgz 0ms (cache hit)
npm http cache json-buffer@https://registry.npmjs.org/json-buffer/-/json-buffer-3.0.1.tgz 0ms (cache hit)
npm http cache jest-docblock@https://registry.npmjs.org/jest-docblock/-/jest-docblock-29.7.0.tgz 0ms (cache hit)
npm http cache emittery@https://registry.npmjs.org/emittery/-/emittery-0.13.1.tgz 0ms (cache hit)
npm http cache jest-pnp-resolver@https://registry.npmjs.org/jest-pnp-resolver/-/jest-pnp-resolver-1.2.3.tgz 0ms (cache hit)
npm http cache esprima@https://registry.npmjs.org/esprima/-/esprima-4.0.1.tgz 0ms (cache hit)
npm http cache diff-sequences@https://registry.npmjs.org/diff-sequences/-/diff-sequences-29.6.3.tgz 0ms (cache hit)
npm http cache resolve.exports@https://registry.npmjs.org/resolve.exports/-/resolve.exports-2.0.3.tgz 0ms (cache hit)
npm http cache jest-diff@https://registry.npmjs.org/jest-diff/-/jest-diff-29.7.0.tgz 0ms (cache hit)
npm http cache node-int64@https://registry.npmjs.org/node-int64/-/node-int64-0.4.0.tgz 0ms (cache hit)
npm http cache picomatch@https://registry.npmjs.org/picomatch/-/picomatch-2.3.2.tgz 0ms (cache hit)
npm http cache bser@https://registry.npmjs.org/bser/-/bser-2.1.1.tgz 0ms (cache hit)
npm http cache normalize-path@https://registry.npmjs.org/normalize-path/-/normalize-path-3.0.0.tgz 0ms (cache hit)
npm http cache walker@https://registry.npmjs.org/walker/-/walker-1.0.8.tgz 0ms (cache hit)
npm http cache fb-watchman@https://registry.npmjs.org/fb-watchman/-/fb-watchman-2.0.2.tgz 0ms (cache hit)
npm http cache @types/graceful-fs@https://registry.npmjs.org/@types/graceful-fs/-/graceful-fs-4.1.9.tgz 1ms (cache hit)
npm http cache fsevents@https://registry.npmjs.org/fsevents/-/fsevents-2.3.3.tgz 0ms (cache hit)
npm http cache anymatch@https://registry.npmjs.org/anymatch/-/anymatch-3.1.3.tgz 0ms (cache hit)
npm http cache type-detect@https://registry.npmjs.org/type-detect/-/type-detect-4.0.8.tgz 0ms (cache hit)
npm http cache @sinonjs/fake-timers@https://registry.npmjs.org/@sinonjs/fake-timers/-/fake-timers-10.3.0.tgz 0ms (cache hit)
npm http cache @sinonjs/commons@https://registry.npmjs.org/@sinonjs/commons/-/commons-3.0.1.tgz 0ms (cache hit)
npm http cache jest-mock@https://registry.npmjs.org/jest-mock/-/jest-mock-29.7.0.tgz 0ms (cache hit)
npm http cache @jest/fake-timers@https://registry.npmjs.org/@jest/fake-timers/-/fake-timers-29.7.0.tgz 0ms (cache hit)
npm http cache pure-rand@https://registry.npmjs.org/pure-rand/-/pure-rand-6.1.0.tgz 1ms (cache hit)
npm http cache jest-each@https://registry.npmjs.org/jest-each/-/jest-each-29.7.0.tgz 1ms (cache hit)
npm http cache stack-utils@https://registry.npmjs.org/stack-utils/-/stack-utils-2.0.6.tgz 0ms (cache hit)
npm http cache is-generator-fn@https://registry.npmjs.org/is-generator-fn/-/is-generator-fn-2.1.0.tgz 0ms (cache hit)
npm http cache dedent@https://registry.npmjs.org/dedent/-/dedent-1.7.2.tgz 0ms (cache hit)
npm http cache co@https://registry.npmjs.org/co/-/co-4.6.0.tgz 0ms (cache hit)
npm http cache @jest/expect@https://registry.npmjs.org/@jest/expect/-/expect-29.7.0.tgz 0ms (cache hit)
npm http cache @jest/environment@https://registry.npmjs.org/@jest/environment/-/environment-29.7.0.tgz 0ms (cache hit)
npm http cache jest-circus@https://registry.npmjs.org/jest-circus/-/jest-circus-29.7.0.tgz 1ms (cache hit)
npm http cache @jest/test-sequencer@https://registry.npmjs.org/@jest/test-sequencer/-/test-sequencer-29.7.0.tgz 0ms (cache hit)
npm http cache @types/stack-utils@https://registry.npmjs.org/@types/stack-utils/-/stack-utils-2.0.3.tgz 0ms (cache hit)
npm http cache html-escaper@https://registry.npmjs.org/html-escaper/-/html-escaper-2.0.2.tgz 0ms (cache hit)
npm http cache p-limit@https://registry.npmjs.org/p-limit/-/p-limit-3.1.0.tgz 0ms (cache hit)
npm http cache source-map@https://registry.npmjs.org/source-map/-/source-map-0.6.1.tgz 0ms (cache hit)
npm http cache make-dir@https://registry.npmjs.org/make-dir/-/make-dir-4.0.0.tgz 0ms (cache hit)
npm http cache resolve-cwd@https://registry.npmjs.org/resolve-cwd/-/resolve-cwd-3.0.0.tgz 0ms (cache hit)
npm http cache wrappy@https://registry.npmjs.org/wrappy/-/wrappy-1.0.2.tgz 0ms (cache hit)
npm http cache path-is-absolute@https://registry.npmjs.org/path-is-absolute/-/path-is-absolute-1.0.1.tgz 0ms (cache hit)
npm http cache pkg-dir@https://registry.npmjs.org/pkg-dir/-/pkg-dir-4.2.0.tgz 0ms (cache hit)
npm http cache once@https://registry.npmjs.org/once/-/once-1.4.0.tgz 0ms (cache hit)
npm http cache inflight@https://registry.npmjs.org/inflight/-/inflight-1.0.6.tgz 0ms (cache hit)
npm http cache v8-to-istanbul@https://registry.npmjs.org/v8-to-istanbul/-/v8-to-istanbul-9.3.0.tgz 0ms (cache hit)
npm http cache fs.realpath@https://registry.npmjs.org/fs.realpath/-/fs.realpath-1.0.0.tgz 0ms (cache hit)
npm http cache string-length@https://registry.npmjs.org/string-length/-/string-length-4.0.2.tgz 0ms (cache hit)
npm http cache jest-worker@https://registry.npmjs.org/jest-worker/-/jest-worker-29.7.0.tgz 0ms (cache hit)
npm http cache istanbul-reports@https://registry.npmjs.org/istanbul-reports/-/istanbul-reports-3.2.0.tgz 0ms (cache hit)
npm http cache istanbul-lib-source-maps@https://registry.npmjs.org/istanbul-lib-source-maps/-/istanbul-lib-source-maps-4.0.1.tgz 0ms (cache hit)
npm http cache glob@https://registry.npmjs.org/glob/-/glob-7.2.3.tgz 0ms (cache hit)
npm http cache istanbul-lib-report@https://registry.npmjs.org/istanbul-lib-report/-/istanbul-lib-report-3.0.1.tgz 0ms (cache hit)
npm http cache collect-v8-coverage@https://registry.npmjs.org/collect-v8-coverage/-/collect-v8-coverage-1.0.3.tgz 0ms (cache hit)
npm http cache create-jest@https://registry.npmjs.org/create-jest/-/create-jest-29.7.0.tgz 0ms (cache hit)
npm http cache @bcoe/v8-coverage@https://registry.npmjs.org/@bcoe/v8-coverage/-/v8-coverage-0.2.3.tgz 0ms (cache hit)
npm http cache jest-validate@https://registry.npmjs.org/jest-validate/-/jest-validate-29.7.0.tgz 0ms (cache hit)
npm http cache jest-snapshot@https://registry.npmjs.org/jest-snapshot/-/jest-snapshot-29.7.0.tgz 0ms (cache hit)
npm http cache jest-runtime@https://registry.npmjs.org/jest-runtime/-/jest-runtime-29.7.0.tgz 0ms (cache hit)
npm http cache jest-runner@https://registry.npmjs.org/jest-runner/-/jest-runner-29.7.0.tgz 0ms (cache hit)
npm http cache jest-resolve@https://registry.npmjs.org/jest-resolve/-/jest-resolve-29.7.0.tgz 0ms (cache hit)
npm http cache jest-changed-files@https://registry.npmjs.org/jest-changed-files/-/jest-changed-files-29.7.0.tgz 0ms (cache hit)
npm http cache jest-resolve-dependencies@https://registry.npmjs.org/jest-resolve-dependencies/-/jest-resolve-dependencies-29.7.0.tgz 0ms (cache hit)
npm http cache exit@https://registry.npmjs.org/exit/-/exit-0.1.2.tgz 0ms (cache hit)
npm http cache ci-info@https://registry.npmjs.org/ci-info/-/ci-info-3.9.0.tgz 0ms (cache hit)
npm http cache jest-config@https://registry.npmjs.org/jest-config/-/jest-config-29.7.0.tgz 0ms (cache hit)
npm http cache jest-watcher@https://registry.npmjs.org/jest-watcher/-/jest-watcher-29.7.0.tgz 0ms (cache hit)
npm http cache @jest/test-result@https://registry.npmjs.org/@jest/test-result/-/test-result-29.7.0.tgz 0ms (cache hit)
npm http cache @jest/reporters@https://registry.npmjs.org/@jest/reporters/-/reporters-29.7.0.tgz 0ms (cache hit)
npm http cache import-local@https://registry.npmjs.org/import-local/-/import-local-3.2.0.tgz 0ms (cache hit)
npm http cache ansi-escapes@https://registry.npmjs.org/ansi-escapes/-/ansi-escapes-4.3.2.tgz 0ms (cache hit)
npm http cache set-function-name@https://registry.npmjs.org/set-function-name/-/set-function-name-2.0.2.tgz 1ms (cache hit)
npm http cache @jest/core@https://registry.npmjs.org/@jest/core/-/core-29.7.0.tgz 0ms (cache hit)
npm http cache @jest/console@https://registry.npmjs.org/@jest/console/-/console-29.7.0.tgz 0ms (cache hit)
npm http cache istanbul-lib-coverage@https://registry.npmjs.org/istanbul-lib-coverage/-/istanbul-lib-coverage-3.2.2.tgz 0ms (cache hit)
npm http cache is-extglob@https://registry.npmjs.org/is-extglob/-/is-extglob-2.1.1.tgz 0ms (cache hit)
npm http cache side-channel@https://registry.npmjs.org/side-channel/-/side-channel-1.1.0.tgz 0ms (cache hit)
npm http cache toidentifier@https://registry.npmjs.org/toidentifier/-/toidentifier-1.0.1.tgz 0ms (cache hit)
npm http cache safer-buffer@https://registry.npmjs.org/safer-buffer/-/safer-buffer-2.1.2.tgz 0ms (cache hit)
npm http cache setprototypeof@https://registry.npmjs.org/setprototypeof/-/setprototypeof-1.2.0.tgz 0ms (cache hit)
npm http cache depd@https://registry.npmjs.org/depd/-/depd-2.0.0.tgz 0ms (cache hit)
npm http cache loose-envify@https://registry.npmjs.org/loose-envify/-/loose-envify-1.4.0.tgz 0ms (cache hit)
npm http cache hermes-estree@https://registry.npmjs.org/hermes-estree/-/hermes-estree-0.33.3.tgz 0ms (cache hit)
npm http cache parent-module@https://registry.npmjs.org/parent-module/-/parent-module-1.0.1.tgz 0ms (cache hit)
npm http cache inherits@https://registry.npmjs.org/inherits/-/inherits-2.0.4.tgz 0ms (cache hit)
npm http cache dunder-proto@https://registry.npmjs.org/dunder-proto/-/dunder-proto-1.0.1.tgz 0ms (cache hit)
npm http cache functions-have-names@https://registry.npmjs.org/functions-have-names/-/functions-have-names-1.2.3.tgz 0ms (cache hit)
npm http cache universalify@https://registry.npmjs.org/universalify/-/universalify-0.1.2.tgz 0ms (cache hit)
npm http cache jsonfile@https://registry.npmjs.org/jsonfile/-/jsonfile-4.0.0.tgz 0ms (cache hit)
npm http cache rimraf@https://registry.npmjs.org/rimraf/-/rimraf-3.0.2.tgz 0ms (cache hit)
npm http cache keyv@https://registry.npmjs.org/keyv/-/keyv-4.5.4.tgz 0ms (cache hit)
npm http cache flatted@https://registry.npmjs.org/flatted/-/flatted-3.4.2.tgz 0ms (cache hit)
npm http cache path-exists@https://registry.npmjs.org/path-exists/-/path-exists-4.0.0.tgz 0ms (cache hit)
npm http cache locate-path@https://registry.npmjs.org/locate-path/-/locate-path-6.0.0.tgz 0ms (cache hit)
npm http cache unpipe@https://registry.npmjs.org/unpipe/-/unpipe-1.0.0.tgz 0ms (cache hit)
npm http cache statuses@https://registry.npmjs.org/statuses/-/statuses-1.5.0.tgz 0ms (cache hit)
npm http cache flat-cache@https://registry.npmjs.org/flat-cache/-/flat-cache-3.2.0.tgz 0ms (cache hit)
npm http cache encodeurl@https://registry.npmjs.org/encodeurl/-/encodeurl-1.0.2.tgz 0ms (cache hit)
npm http cache strnum@https://registry.npmjs.org/strnum/-/strnum-1.1.2.tgz 0ms (cache hit)
npm http cache merge2@https://registry.npmjs.org/merge2/-/merge2-1.4.1.tgz 0ms (cache hit)
npm http cache jest-message-util@https://registry.npmjs.org/jest-message-util/-/jest-message-util-29.7.0.tgz 0ms (cache hit)
npm http cache jest-matcher-utils@https://registry.npmjs.org/jest-matcher-utils/-/jest-matcher-utils-29.7.0.tgz 0ms (cache hit)
npm http cache jest-get-type@https://registry.npmjs.org/jest-get-type/-/jest-get-type-29.6.3.tgz 0ms (cache hit)
npm http cache strip-final-newline@https://registry.npmjs.org/strip-final-newline/-/strip-final-newline-2.0.0.tgz 0ms (cache hit)
npm http cache @jest/expect-utils@https://registry.npmjs.org/@jest/expect-utils/-/expect-utils-29.7.0.tgz 0ms (cache hit)
npm http cache jest-cli@https://registry.npmjs.org/jest-cli/-/jest-cli-29.7.0.tgz 0ms (cache hit)
npm http cache type-fest@https://registry.npmjs.org/type-fest/-/type-fest-0.20.2.tgz 0ms (cache hit)
npm http cache onetime@https://registry.npmjs.org/onetime/-/onetime-5.1.2.tgz 0ms (cache hit)
npm http cache reusify@https://registry.npmjs.org/reusify/-/reusify-1.1.0.tgz 0ms (cache hit)
npm http cache npm-run-path@https://registry.npmjs.org/npm-run-path/-/npm-run-path-4.0.1.tgz 0ms (cache hit)
npm http cache merge-stream@https://registry.npmjs.org/merge-stream/-/merge-stream-2.0.0.tgz 0ms (cache hit)
npm http cache is-stream@https://registry.npmjs.org/is-stream/-/is-stream-2.0.1.tgz 0ms (cache hit)
npm http cache human-signals@https://registry.npmjs.org/human-signals/-/human-signals-2.1.0.tgz 0ms (cache hit)
npm http cache get-stream@https://registry.npmjs.org/get-stream/-/get-stream-6.0.1.tgz 0ms (cache hit)
npm http cache acorn-jsx@https://registry.npmjs.org/acorn-jsx/-/acorn-jsx-5.3.2.tgz 0ms (cache hit)
npm http cache acorn@https://registry.npmjs.org/acorn/-/acorn-8.16.0.tgz 0ms (cache hit)
npm http cache esrecurse@https://registry.npmjs.org/esrecurse/-/esrecurse-4.3.0.tgz 0ms (cache hit)
npm http cache eslint-plugin-react-native-globals@https://registry.npmjs.org/eslint-plugin-react-native-globals/-/eslint-plugin-react-native-globals-0.1.2.tgz 0ms (cache hit)
npm http cache zod-validation-error@https://registry.npmjs.org/zod-validation-error/-/zod-validation-error-4.0.2.tgz 0ms (cache hit)
npm http cache is-symbol@https://registry.npmjs.org/is-symbol/-/is-symbol-1.1.1.tgz 0ms (cache hit)
npm http cache zod@https://registry.npmjs.org/zod/-/zod-4.4.3.tgz 0ms (cache hit)
npm http cache is-date-object@https://registry.npmjs.org/is-date-object/-/is-date-object-1.1.0.tgz 0ms (cache hit)
npm http cache has-tostringtag@https://registry.npmjs.org/has-tostringtag/-/has-tostringtag-1.0.2.tgz 0ms (cache hit)
npm http cache which-typed-array@https://registry.npmjs.org/which-typed-array/-/which-typed-array-1.1.22.tgz 0ms (cache hit)
npm http cache unbox-primitive@https://registry.npmjs.org/unbox-primitive/-/unbox-primitive-1.1.0.tgz 0ms (cache hit)
npm http cache iterator.prototype@https://registry.npmjs.org/iterator.prototype/-/iterator.prototype-1.1.5.tgz 0ms (cache hit)
npm http cache possible-typed-array-names@https://registry.npmjs.org/possible-typed-array-names/-/possible-typed-array-names-1.1.0.tgz 0ms (cache hit)
npm http cache typed-array-length@https://registry.npmjs.org/typed-array-length/-/typed-array-length-1.0.8.tgz 0ms (cache hit)
npm http cache typed-array-byte-offset@https://registry.npmjs.org/typed-array-byte-offset/-/typed-array-byte-offset-1.0.4.tgz 0ms (cache hit)
npm http cache typed-array-byte-length@https://registry.npmjs.org/typed-array-byte-length/-/typed-array-byte-length-1.0.3.tgz 0ms (cache hit)
npm http cache string.prototype.trimstart@https://registry.npmjs.org/string.prototype.trimstart/-/string.prototype.trimstart-1.0.8.tgz 0ms (cache hit)
npm http cache typed-array-buffer@https://registry.npmjs.org/typed-array-buffer/-/typed-array-buffer-1.0.3.tgz 0ms (cache hit)
npm http cache string.prototype.trimend@https://registry.npmjs.org/string.prototype.trimend/-/string.prototype.trimend-1.0.10.tgz 0ms (cache hit)
npm http cache stop-iteration-iterator@https://registry.npmjs.org/stop-iteration-iterator/-/stop-iteration-iterator-1.1.0.tgz 0ms (cache hit)
npm http cache string.prototype.trim@https://registry.npmjs.org/string.prototype.trim/-/string.prototype.trim-1.2.11.tgz 0ms (cache hit)
npm http cache set-proto@https://registry.npmjs.org/set-proto/-/set-proto-1.0.0.tgz 0ms (cache hit)
npm http cache safe-push-apply@https://registry.npmjs.org/safe-push-apply/-/safe-push-apply-1.0.0.tgz 0ms (cache hit)
npm http cache safe-regex-test@https://registry.npmjs.org/safe-regex-test/-/safe-regex-test-1.1.0.tgz 0ms (cache hit)
npm http cache safe-array-concat@https://registry.npmjs.org/safe-array-concat/-/safe-array-concat-1.1.4.tgz 0ms (cache hit)
npm http cache regexp.prototype.flags@https://registry.npmjs.org/regexp.prototype.flags/-/regexp.prototype.flags-1.5.4.tgz 0ms (cache hit)
npm http cache object.assign@https://registry.npmjs.org/object.assign/-/object.assign-4.1.7.tgz 0ms (cache hit)
npm http cache object-inspect@https://registry.npmjs.org/object-inspect/-/object-inspect-1.13.4.tgz 0ms (cache hit)
npm http cache is-weakref@https://registry.npmjs.org/is-weakref/-/is-weakref-1.1.1.tgz 0ms (cache hit)
npm http cache is-typed-array@https://registry.npmjs.org/is-typed-array/-/is-typed-array-1.1.15.tgz 0ms (cache hit)
npm http cache is-shared-array-buffer@https://registry.npmjs.org/is-shared-array-buffer/-/is-shared-array-buffer-1.0.4.tgz 1ms (cache hit)
npm http cache is-set@https://registry.npmjs.org/is-set/-/is-set-2.0.3.tgz 0ms (cache hit)
npm http cache is-regex@https://registry.npmjs.org/is-regex/-/is-regex-1.2.1.tgz 0ms (cache hit)
npm http cache own-keys@https://registry.npmjs.org/own-keys/-/own-keys-1.0.1.tgz 0ms (cache hit)
npm http cache is-negative-zero@https://registry.npmjs.org/is-negative-zero/-/is-negative-zero-2.0.3.tgz 0ms (cache hit)
npm http cache is-data-view@https://registry.npmjs.org/is-data-view/-/is-data-view-1.0.2.tgz 0ms (cache hit)
npm http cache is-array-buffer@https://registry.npmjs.org/is-array-buffer/-/is-array-buffer-3.0.5.tgz 0ms (cache hit)
npm http cache has-proto@https://registry.npmjs.org/has-proto/-/has-proto-1.2.0.tgz 0ms (cache hit)
npm http cache internal-slot@https://registry.npmjs.org/internal-slot/-/internal-slot-1.1.0.tgz 0ms (cache hit)
npm http cache has-symbols@https://registry.npmjs.org/has-symbols/-/has-symbols-1.1.0.tgz 0ms (cache hit)
npm http cache get-symbol-description@https://registry.npmjs.org/get-symbol-description/-/get-symbol-description-1.1.0.tgz 0ms (cache hit)
npm http cache globalthis@https://registry.npmjs.org/globalthis/-/globalthis-1.0.4.tgz 0ms (cache hit)
npm http cache es-to-primitive@https://registry.npmjs.org/es-to-primitive/-/es-to-primitive-1.3.0.tgz 0ms (cache hit)
npm http cache get-proto@https://registry.npmjs.org/get-proto/-/get-proto-1.0.1.tgz 0ms (cache hit)
npm http cache function.prototype.name@https://registry.npmjs.org/function.prototype.name/-/function.prototype.name-1.1.8.tgz 0ms (cache hit)
npm http cache data-view-byte-offset@https://registry.npmjs.org/data-view-byte-offset/-/data-view-byte-offset-1.0.1.tgz 0ms (cache hit)
npm http cache es-set-tostringtag@https://registry.npmjs.org/es-set-tostringtag/-/es-set-tostringtag-2.1.0.tgz 0ms (cache hit)
npm http cache data-view-buffer@https://registry.npmjs.org/data-view-buffer/-/data-view-buffer-1.0.2.tgz 0ms (cache hit)
npm http cache signal-exit@https://registry.npmjs.org/signal-exit/-/signal-exit-3.0.7.tgz 0ms (cache hit)
npm http cache data-view-byte-length@https://registry.npmjs.org/data-view-byte-length/-/data-view-byte-length-1.0.2.tgz 1ms (cache hit)
npm http cache gopd@https://registry.npmjs.org/gopd/-/gopd-1.2.0.tgz 0ms (cache hit)
npm http cache array-buffer-byte-length@https://registry.npmjs.org/array-buffer-byte-length/-/array-buffer-byte-length-1.0.2.tgz 0ms (cache hit)
npm http cache available-typed-arrays@https://registry.npmjs.org/available-typed-arrays/-/available-typed-arrays-1.0.7.tgz 0ms (cache hit)
npm http cache object-keys@https://registry.npmjs.org/object-keys/-/object-keys-1.1.1.tgz 0ms (cache hit)
npm http cache has-property-descriptors@https://registry.npmjs.org/has-property-descriptors/-/has-property-descriptors-1.0.2.tgz 0ms (cache hit)
npm http cache arraybuffer.prototype.slice@https://registry.npmjs.org/arraybuffer.prototype.slice/-/arraybuffer.prototype.slice-1.0.4.tgz 0ms (cache hit)
npm http cache define-data-property@https://registry.npmjs.org/define-data-property/-/define-data-property-1.1.4.tgz 0ms (cache hit)
npm http cache set-function-length@https://registry.npmjs.org/set-function-length/-/set-function-length-1.2.2.tgz 0ms (cache hit)
npm http cache es-define-property@https://registry.npmjs.org/es-define-property/-/es-define-property-1.0.1.tgz 0ms (cache hit)
npm http cache call-bind-apply-helpers@https://registry.npmjs.org/call-bind-apply-helpers/-/call-bind-apply-helpers-1.0.2.tgz 0ms (cache hit)
npm http cache es-shim-unscopables@https://registry.npmjs.org/es-shim-unscopables/-/es-shim-unscopables-1.1.0.tgz 0ms (cache hit)
npm http cache es-errors@https://registry.npmjs.org/es-errors/-/es-errors-1.3.0.tgz 0ms (cache hit)
npm http cache math-intrinsics@https://registry.npmjs.org/math-intrinsics/-/math-intrinsics-1.1.0.tgz 0ms (cache hit)
npm http cache is-string@https://registry.npmjs.org/is-string/-/is-string-1.1.1.tgz 0ms (cache hit)
npm http cache function-bind@https://registry.npmjs.org/function-bind/-/function-bind-1.1.2.tgz 0ms (cache hit)
npm http cache get-intrinsic@https://registry.npmjs.org/get-intrinsic/-/get-intrinsic-1.3.0.tgz 0ms (cache hit)
npm http cache es-object-atoms@https://registry.npmjs.org/es-object-atoms/-/es-object-atoms-1.1.2.tgz 0ms (cache hit)
npm http cache define-properties@https://registry.npmjs.org/define-properties/-/define-properties-1.2.1.tgz 0ms (cache hit)
npm http cache call-bound@https://registry.npmjs.org/call-bound/-/call-bound-1.0.4.tgz 0ms (cache hit)
npm http cache call-bind@https://registry.npmjs.org/call-bind/-/call-bind-1.0.9.tgz 0ms (cache hit)
npm http cache string.prototype.repeat@https://registry.npmjs.org/string.prototype.repeat/-/string.prototype.repeat-1.0.0.tgz 0ms (cache hit)
npm http cache string.prototype.matchall@https://registry.npmjs.org/string.prototype.matchall/-/string.prototype.matchall-4.0.12.tgz 0ms (cache hit)
npm http cache prop-types@https://registry.npmjs.org/prop-types/-/prop-types-15.8.1.tgz 0ms (cache hit)
npm http cache object.values@https://registry.npmjs.org/object.values/-/object.values-1.2.1.tgz 0ms (cache hit)
npm http cache object.fromentries@https://registry.npmjs.org/object.fromentries/-/object.fromentries-2.0.8.tgz 0ms (cache hit)
npm http cache object.entries@https://registry.npmjs.org/object.entries/-/object.entries-1.1.9.tgz 0ms (cache hit)
npm http cache es-abstract@https://registry.npmjs.org/es-abstract/-/es-abstract-1.24.2.tgz 0ms (cache hit)
npm http cache hasown@https://registry.npmjs.org/hasown/-/hasown-2.0.4.tgz 0ms (cache hit)
npm http cache jsx-ast-utils@https://registry.npmjs.org/jsx-ast-utils/-/jsx-ast-utils-3.3.5.tgz 0ms (cache hit)
npm http cache estraverse@https://registry.npmjs.org/estraverse/-/estraverse-5.3.0.tgz 0ms (cache hit)
npm http cache is-callable@https://registry.npmjs.org/is-callable/-/is-callable-1.2.7.tgz 0ms (cache hit)
npm http cache es-iterator-helpers@https://registry.npmjs.org/es-iterator-helpers/-/es-iterator-helpers-1.3.2.tgz 0ms (cache hit)
npm http cache array.prototype.tosorted@https://registry.npmjs.org/array.prototype.tosorted/-/array.prototype.tosorted-1.1.4.tgz 0ms (cache hit)
npm http cache array.prototype.flatmap@https://registry.npmjs.org/array.prototype.flatmap/-/array.prototype.flatmap-1.3.3.tgz 0ms (cache hit)
npm http cache array.prototype.findlast@https://registry.npmjs.org/array.prototype.findlast/-/array.prototype.findlast-1.2.5.tgz 0ms (cache hit)
npm http cache string-natural-compare@https://registry.npmjs.org/string-natural-compare/-/string-natural-compare-3.0.1.tgz 0ms (cache hit)
npm http cache shebang-command@https://registry.npmjs.org/shebang-command/-/shebang-command-2.0.0.tgz 0ms (cache hit)
npm http cache lodash@https://registry.npmjs.org/lodash/-/lodash-4.18.1.tgz 0ms (cache hit)
npm http cache which@https://registry.npmjs.org/which/-/which-2.0.2.tgz 0ms (cache hit)
npm http cache path-key@https://registry.npmjs.org/path-key/-/path-key-3.1.1.tgz 0ms (cache hit)
npm http cache uri-js@https://registry.npmjs.org/uri-js/-/uri-js-4.4.1.tgz 0ms (cache hit)
npm http cache run-parallel@https://registry.npmjs.org/run-parallel/-/run-parallel-1.2.0.tgz 0ms (cache hit)
npm http cache @nodelib/fs.stat@https://registry.npmjs.org/@nodelib/fs.stat/-/fs.stat-2.0.5.tgz 0ms (cache hit)
npm http cache json-schema-traverse@https://registry.npmjs.org/json-schema-traverse/-/json-schema-traverse-0.4.1.tgz 0ms (cache hit)
npm http cache @nodelib/fs.scandir@https://registry.npmjs.org/@nodelib/fs.scandir/-/fs.scandir-2.1.5.tgz 0ms (cache hit)
npm http cache @humanwhocodes/object-schema@https://registry.npmjs.org/@humanwhocodes/object-schema/-/object-schema-2.0.3.tgz 0ms (cache hit)
npm http cache strip-json-comments@https://registry.npmjs.org/strip-json-comments/-/strip-json-comments-3.1.1.tgz 0ms (cache hit)
npm http cache text-table@https://registry.npmjs.org/text-table/-/text-table-0.2.0.tgz 0ms (cache hit)
npm http cache strip-ansi@https://registry.npmjs.org/strip-ansi/-/strip-ansi-6.0.1.tgz 0ms (cache hit)
npm http cache optionator@https://registry.npmjs.org/optionator/-/optionator-0.9.4.tgz 0ms (cache hit)
npm http cache lodash.merge@https://registry.npmjs.org/lodash.merge/-/lodash.merge-4.6.2.tgz 1ms (cache hit)
npm http cache fastq@https://registry.npmjs.org/fastq/-/fastq-1.20.1.tgz 0ms (cache hit)
npm http cache json-stable-stringify-without-jsonify@https://registry.npmjs.org/json-stable-stringify-without-jsonify/-/json-stable-stringify-without-jsonify-1.0.1.tgz 0ms (cache hit)
npm http cache is-path-inside@https://registry.npmjs.org/is-path-inside/-/is-path-inside-3.0.3.tgz 0ms (cache hit)
npm http cache levn@https://registry.npmjs.org/levn/-/levn-0.4.1.tgz 0ms (cache hit)
npm http cache imurmurhash@https://registry.npmjs.org/imurmurhash/-/imurmurhash-0.1.4.tgz 0ms (cache hit)
npm http cache globals@https://registry.npmjs.org/globals/-/globals-13.24.0.tgz 0ms (cache hit)
npm http cache glob-parent@https://registry.npmjs.org/glob-parent/-/glob-parent-6.0.2.tgz 0ms (cache hit)
npm http cache is-glob@https://registry.npmjs.org/is-glob/-/is-glob-4.0.3.tgz 0ms (cache hit)
npm http cache file-entry-cache@https://registry.npmjs.org/file-entry-cache/-/file-entry-cache-6.0.1.tgz 0ms (cache hit)
npm http cache fast-deep-equal@https://registry.npmjs.org/fast-deep-equal/-/fast-deep-equal-3.1.3.tgz 0ms (cache hit)
npm http cache esquery@https://registry.npmjs.org/esquery/-/esquery-1.7.0.tgz 0ms (cache hit)
npm http cache espree@https://registry.npmjs.org/espree/-/espree-9.6.1.tgz 0ms (cache hit)
npm http cache escape-string-regexp@https://registry.npmjs.org/escape-string-regexp/-/escape-string-regexp-4.0.0.tgz 0ms (cache hit)
npm http cache doctrine@https://registry.npmjs.org/doctrine/-/doctrine-3.0.0.tgz 0ms (cache hit)
npm http cache cross-spawn@https://registry.npmjs.org/cross-spawn/-/cross-spawn-7.0.6.tgz 0ms (cache hit)
npm http cache ajv@https://registry.npmjs.org/ajv/-/ajv-6.15.0.tgz 0ms (cache hit)
npm http cache @ungap/structured-clone@https://registry.npmjs.org/@ungap/structured-clone/-/structured-clone-1.3.1.tgz 0ms (cache hit)
npm http cache @nodelib/fs.walk@https://registry.npmjs.org/@nodelib/fs.walk/-/fs.walk-1.2.8.tgz 0ms (cache hit)
npm http cache @humanwhocodes/module-importer@https://registry.npmjs.org/@humanwhocodes/module-importer/-/module-importer-1.0.1.tgz 0ms (cache hit)
npm http cache @humanwhocodes/config-array@https://registry.npmjs.org/@humanwhocodes/config-array/-/config-array-0.13.0.tgz 0ms (cache hit)
npm http cache @eslint/js@https://registry.npmjs.org/@eslint/js/-/js-8.57.1.tgz 0ms (cache hit)
npm http cache @eslint/eslintrc@https://registry.npmjs.org/@eslint/eslintrc/-/eslintrc-2.1.4.tgz 0ms (cache hit)
npm http cache ms@https://registry.npmjs.org/ms/-/ms-2.1.3.tgz 0ms (cache hit)
npm http cache accepts@https://registry.npmjs.org/accepts/-/accepts-1.3.8.tgz 0ms (cache hit)
npm http cache mime-types@https://registry.npmjs.org/mime-types/-/mime-types-2.1.35.tgz 0ms (cache hit)
npm http cache parse-json@https://registry.npmjs.org/parse-json/-/parse-json-5.2.0.tgz 0ms (cache hit)
npm http cache env-paths@https://registry.npmjs.org/env-paths/-/env-paths-2.2.1.tgz 0ms (cache hit)
npm http cache import-fresh@https://registry.npmjs.org/import-fresh/-/import-fresh-3.3.1.tgz 0ms (cache hit)
npm http cache utils-merge@https://registry.npmjs.org/utils-merge/-/utils-merge-1.0.1.tgz 0ms (cache hit)
npm http cache parseurl@https://registry.npmjs.org/parseurl/-/parseurl-1.3.3.tgz 0ms (cache hit)
npm http cache finalhandler@https://registry.npmjs.org/finalhandler/-/finalhandler-1.1.2.tgz 0ms (cache hit)
npm http cache mime-db@https://registry.npmjs.org/mime-db/-/mime-db-1.54.0.tgz 0ms (cache hit)
npm http cache vary@https://registry.npmjs.org/vary/-/vary-1.1.2.tgz 0ms (cache hit)
npm http cache safe-buffer@https://registry.npmjs.org/safe-buffer/-/safe-buffer-5.2.1.tgz 0ms (cache hit)
npm http cache on-headers@https://registry.npmjs.org/on-headers/-/on-headers-1.1.0.tgz 0ms (cache hit)
npm http cache compressible@https://registry.npmjs.org/compressible/-/compressible-2.0.18.tgz 0ms (cache hit)
npm http cache color-convert@https://registry.npmjs.org/color-convert/-/color-convert-2.0.1.tgz 1ms (cache hit)
npm http cache color-name@https://registry.npmjs.org/color-name/-/color-name-1.1.4.tgz 0ms (cache hit)
npm http cache negotiator@https://registry.npmjs.org/negotiator/-/negotiator-0.6.4.tgz 0ms (cache hit)
npm http cache supports-color@https://registry.npmjs.org/supports-color/-/supports-color-7.2.0.tgz 0ms (cache hit)
npm http cache update-browserslist-db@https://registry.npmjs.org/update-browserslist-db/-/update-browserslist-db-1.2.3.tgz 0ms (cache hit)
npm http cache ansi-styles@https://registry.npmjs.org/ansi-styles/-/ansi-styles-4.3.0.tgz 0ms (cache hit)
npm http cache caniuse-lite@https://registry.npmjs.org/caniuse-lite/-/caniuse-lite-1.0.30001797.tgz 0ms (cache hit)
npm http cache node-releases@https://registry.npmjs.org/node-releases/-/node-releases-2.0.47.tgz 0ms (cache hit)
npm http cache graphemer@https://registry.npmjs.org/graphemer/-/graphemer-1.4.0.tgz 0ms (cache hit)
npm http cache raw-body@https://registry.npmjs.org/raw-body/-/raw-body-3.0.2.tgz 0ms (cache hit)
npm http cache array-includes@https://registry.npmjs.org/array-includes/-/array-includes-3.1.9.tgz 0ms (cache hit)
npm http cache type-is@https://registry.npmjs.org/type-is/-/type-is-2.1.0.tgz 0ms (cache hit)
npm http cache iconv-lite@https://registry.npmjs.org/iconv-lite/-/iconv-lite-0.7.2.tgz 0ms (cache hit)
npm http cache on-finished@https://registry.npmjs.org/on-finished/-/on-finished-2.4.1.tgz 0ms (cache hit)
npm http cache baseline-browser-mapping@https://registry.npmjs.org/baseline-browser-mapping/-/baseline-browser-mapping-2.10.34.tgz 0ms (cache hit)
npm http cache content-type@https://registry.npmjs.org/content-type/-/content-type-1.0.5.tgz 0ms (cache hit)
npm http cache bytes@https://registry.npmjs.org/bytes/-/bytes-3.1.2.tgz 0ms (cache hit)
npm http cache electron-to-chromium@https://registry.npmjs.org/electron-to-chromium/-/electron-to-chromium-1.5.368.tgz 0ms (cache hit)
npm http cache @babel/plugin-syntax-top-level-await@https://registry.npmjs.org/@babel/plugin-syntax-top-level-await/-/plugin-syntax-top-level-await-7.14.5.tgz 0ms (cache hit)
npm http cache @babel/plugin-syntax-optional-catch-binding@https://registry.npmjs.org/@babel/plugin-syntax-optional-catch-binding/-/plugin-syntax-optional-catch-binding-7.8.3.tgz 0ms (cache hit)
npm http cache @babel/plugin-syntax-logical-assignment-operators@https://registry.npmjs.org/@babel/plugin-syntax-logical-assignment-operators/-/plugin-syntax-logical-assignment-operators-7.10.4.tgz 0ms (cache hit)
npm http cache @babel/plugin-syntax-json-strings@https://registry.npmjs.org/@babel/plugin-syntax-json-strings/-/plugin-syntax-json-strings-7.8.3.tgz 0ms (cache hit)
npm http cache @babel/plugin-syntax-import-meta@https://registry.npmjs.org/@babel/plugin-syntax-import-meta/-/plugin-syntax-import-meta-7.10.4.tgz 0ms (cache hit)
npm http cache @babel/plugin-syntax-class-static-block@https://registry.npmjs.org/@babel/plugin-syntax-class-static-block/-/plugin-syntax-class-static-block-7.14.5.tgz 0ms (cache hit)
npm http cache qs@https://registry.npmjs.org/qs/-/qs-6.15.2.tgz 0ms (cache hit)
npm http cache @babel/plugin-syntax-class-properties@https://registry.npmjs.org/@babel/plugin-syntax-class-properties/-/plugin-syntax-class-properties-7.12.13.tgz 0ms (cache hit)
npm http cache @babel/plugin-syntax-async-generators@https://registry.npmjs.org/@babel/plugin-syntax-async-generators/-/plugin-syntax-async-generators-7.8.4.tgz 0ms (cache hit)
npm http cache @babel/plugin-syntax-object-rest-spread@https://registry.npmjs.org/@babel/plugin-syntax-object-rest-spread/-/plugin-syntax-object-rest-spread-7.8.3.tgz 0ms (cache hit)
npm http cache babel-preset-current-node-syntax@https://registry.npmjs.org/babel-preset-current-node-syntax/-/babel-preset-current-node-syntax-1.2.0.tgz 0ms (cache hit)
npm http cache resolve@https://registry.npmjs.org/resolve/-/resolve-1.22.12.tgz 0ms (cache hit)
npm http cache babel-plugin-jest-hoist@https://registry.npmjs.org/babel-plugin-jest-hoist/-/babel-plugin-jest-hoist-29.6.3.tgz 0ms (cache hit)
npm http cache lodash.debounce@https://registry.npmjs.org/lodash.debounce/-/lodash.debounce-4.0.8.tgz 0ms (cache hit)
npm http cache @babel/helper-define-polyfill-provider@https://registry.npmjs.org/@babel/helper-define-polyfill-provider/-/helper-define-polyfill-provider-0.6.8.tgz 0ms (cache hit)
npm http cache resolve-from@https://registry.npmjs.org/resolve-from/-/resolve-from-5.0.0.tgz 0ms (cache hit)
npm http cache js-yaml@https://registry.npmjs.org/js-yaml/-/js-yaml-3.14.2.tgz 0ms (cache hit)
npm http cache get-package-type@https://registry.npmjs.org/get-package-type/-/get-package-type-0.1.0.tgz 0ms (cache hit)
npm http cache camelcase@https://registry.npmjs.org/camelcase/-/camelcase-5.3.1.tgz 0ms (cache hit)
npm http cache test-exclude@https://registry.npmjs.org/test-exclude/-/test-exclude-6.0.0.tgz 0ms (cache hit)
npm http cache istanbul-lib-instrument@https://registry.npmjs.org/istanbul-lib-instrument/-/istanbul-lib-instrument-5.2.1.tgz 0ms (cache hit)
npm http cache @istanbuljs/schema@https://registry.npmjs.org/@istanbuljs/schema/-/schema-0.1.6.tgz 0ms (cache hit)
npm http cache @istanbuljs/load-nyc-config@https://registry.npmjs.org/@istanbuljs/load-nyc-config/-/load-nyc-config-1.1.0.tgz 0ms (cache hit)
npm http cache @babel/plugin-syntax-bigint@https://registry.npmjs.org/@babel/plugin-syntax-bigint/-/plugin-syntax-bigint-7.8.3.tgz 0ms (cache hit)
npm http cache @types/babel__traverse@https://registry.npmjs.org/@types/babel__traverse/-/babel__traverse-7.28.0.tgz 0ms (cache hit)
npm http cache @types/babel__template@https://registry.npmjs.org/@types/babel__template/-/babel__template-7.4.4.tgz 0ms (cache hit)
npm http cache escape-html@https://registry.npmjs.org/escape-html/-/escape-html-1.0.3.tgz 0ms (cache hit)
npm http cache @types/babel__generator@https://registry.npmjs.org/@types/babel__generator/-/babel__generator-7.27.0.tgz 0ms (cache hit)
npm http cache write-file-atomic@https://registry.npmjs.org/write-file-atomic/-/write-file-atomic-4.0.2.tgz 0ms (cache hit)
npm http cache http-errors@https://registry.npmjs.org/http-errors/-/http-errors-2.0.1.tgz 0ms (cache hit)
npm http cache pirates@https://registry.npmjs.org/pirates/-/pirates-4.0.7.tgz 0ms (cache hit)
npm http cache micromatch@https://registry.npmjs.org/micromatch/-/micromatch-4.0.8.tgz 0ms (cache hit)
npm http cache jest-util@https://registry.npmjs.org/jest-util/-/jest-util-29.7.0.tgz 0ms (cache hit)
npm http cache jest-haste-map@https://registry.npmjs.org/jest-haste-map/-/jest-haste-map-29.7.0.tgz 0ms (cache hit)
npm http cache fast-json-stable-stringify@https://registry.npmjs.org/fast-json-stable-stringify/-/fast-json-stable-stringify-2.1.0.tgz 0ms (cache hit)
npm http cache slash@https://registry.npmjs.org/slash/-/slash-3.0.0.tgz 0ms (cache hit)
npm http cache @types/babel__core@https://registry.npmjs.org/@types/babel__core/-/babel__core-7.20.5.tgz 0ms (cache hit)
npm http cache babel-plugin-istanbul@https://registry.npmjs.org/babel-plugin-istanbul/-/babel-plugin-istanbul-6.1.1.tgz 0ms (cache hit)
npm http cache @jest/transform@https://registry.npmjs.org/@jest/transform/-/transform-29.7.0.tgz 0ms (cache hit)
npm http cache @eslint-community/eslint-utils@https://registry.npmjs.org/@eslint-community/eslint-utils/-/eslint-utils-4.9.1.tgz 0ms (cache hit)
npm http cache @typescript-eslint/tsconfig-utils@https://registry.npmjs.org/@typescript-eslint/tsconfig-utils/-/tsconfig-utils-8.60.1.tgz 0ms (cache hit)
npm http cache @typescript-eslint/project-service@https://registry.npmjs.org/@typescript-eslint/project-service/-/project-service-8.60.1.tgz 0ms (cache hit)
npm http cache @typescript-eslint/typescript-estree@https://registry.npmjs.org/@typescript-eslint/typescript-estree/-/typescript-estree-8.60.1.tgz 2ms (cache hit)
npm http cache ts-api-utils@https://registry.npmjs.org/ts-api-utils/-/ts-api-utils-2.5.0.tgz 0ms (cache hit)
npm http cache natural-compare@https://registry.npmjs.org/natural-compare/-/natural-compare-1.4.0.tgz 0ms (cache hit)
npm http cache ignore@https://registry.npmjs.org/ignore/-/ignore-7.0.5.tgz 0ms (cache hit)
npm http cache @typescript-eslint/visitor-keys@https://registry.npmjs.org/@typescript-eslint/visitor-keys/-/visitor-keys-8.60.1.tgz 0ms (cache hit)
npm http cache @typescript-eslint/utils@https://registry.npmjs.org/@typescript-eslint/utils/-/utils-8.60.1.tgz 0ms (cache hit)
npm http cache @babel/plugin-syntax-numeric-separator@https://registry.npmjs.org/@babel/plugin-syntax-numeric-separator/-/plugin-syntax-numeric-separator-7.10.4.tgz 0ms (cache hit)
npm http cache @typescript-eslint/type-utils@https://registry.npmjs.org/@typescript-eslint/type-utils/-/type-utils-8.60.1.tgz 0ms (cache hit)
npm http cache @eslint-community/regexpp@https://registry.npmjs.org/@eslint-community/regexpp/-/regexpp-4.12.2.tgz 0ms (cache hit)
npm http cache @types/yargs-parser@https://registry.npmjs.org/@types/yargs-parser/-/yargs-parser-21.0.3.tgz 0ms (cache hit)
npm http cache csstype@https://registry.npmjs.org/csstype/-/csstype-3.2.3.tgz 0ms (cache hit)
npm http cache undici-types@https://registry.npmjs.org/undici-types/-/undici-types-7.24.6.tgz 0ms (cache hit)
npm http cache expect@https://registry.npmjs.org/expect/-/expect-29.7.0.tgz 0ms (cache hit)
npm http cache @types/istanbul-lib-report@https://registry.npmjs.org/@types/istanbul-lib-report/-/istanbul-lib-report-3.0.3.tgz 0ms (cache hit)
npm http cache @typescript-eslint/scope-manager@https://registry.npmjs.org/@typescript-eslint/scope-manager/-/scope-manager-8.60.1.tgz 0ms (cache hit)
npm http cache metro-runtime@https://registry.npmjs.org/metro-runtime/-/metro-runtime-0.84.4.tgz 0ms (cache hit)
npm http cache metro-config@https://registry.npmjs.org/metro-config/-/metro-config-0.84.4.tgz 0ms (cache hit)
npm http cache @react-native/metro-babel-transformer@https://registry.npmjs.org/@react-native/metro-babel-transformer/-/metro-babel-transformer-0.85.3.tgz 0ms (cache hit)
npm http cache @sinclair/typebox@https://registry.npmjs.org/@sinclair/typebox/-/typebox-0.27.10.tgz 0ms (cache hit)
npm http cache chalk@https://registry.npmjs.org/chalk/-/chalk-4.1.2.tgz 0ms (cache hit)
npm http cache @types/yargs@https://registry.npmjs.org/@types/yargs/-/yargs-17.0.35.tgz 0ms (cache hit)
npm http cache @types/node@https://registry.npmjs.org/@types/node/-/node-25.9.2.tgz 0ms (cache hit)
npm http cache @types/istanbul-reports@https://registry.npmjs.org/@types/istanbul-reports/-/istanbul-reports-3.0.4.tgz 0ms (cache hit)
npm http cache @jest/schemas@https://registry.npmjs.org/@jest/schemas/-/schemas-29.6.3.tgz 0ms (cache hit)
npm http cache @types/istanbul-lib-coverage@https://registry.npmjs.org/@types/istanbul-lib-coverage/-/istanbul-lib-coverage-2.0.6.tgz 0ms (cache hit)
npm http cache @jest/types@https://registry.npmjs.org/@jest/types/-/types-29.6.3.tgz 0ms (cache hit)
npm http cache regenerator-runtime@https://registry.npmjs.org/regenerator-runtime/-/regenerator-runtime-0.13.11.tgz 0ms (cache hit)
npm http cache jest-environment-node@https://registry.npmjs.org/jest-environment-node/-/jest-environment-node-29.7.0.tgz 0ms (cache hit)
npm http cache babel-jest@https://registry.npmjs.org/babel-jest/-/babel-jest-29.7.0.tgz 0ms (cache hit)
npm http cache @typescript-eslint/types@https://registry.npmjs.org/@typescript-eslint/types/-/types-8.60.1.tgz 0ms (cache hit)
npm http cache @react-native/js-polyfills@https://registry.npmjs.org/@react-native/js-polyfills/-/js-polyfills-0.85.3.tgz 0ms (cache hit)
npm http cache @jest/create-cache-key-function@https://registry.npmjs.org/@jest/create-cache-key-function/-/create-cache-key-function-29.7.0.tgz 0ms (cache hit)
npm http cache eslint-visitor-keys@https://registry.npmjs.org/eslint-visitor-keys/-/eslint-visitor-keys-2.1.0.tgz 0ms (cache hit)
npm http cache @nicolo-ribaudo/eslint-scope-5-internals@https://registry.npmjs.org/@nicolo-ribaudo/eslint-scope-5-internals/-/eslint-scope-5-internals-5.1.1-v1.tgz 0ms (cache hit)
npm http cache eslint-plugin-react@https://registry.npmjs.org/eslint-plugin-react/-/eslint-plugin-react-7.37.5.tgz 0ms (cache hit)
npm http cache eslint-scope@https://registry.npmjs.org/eslint-scope/-/eslint-scope-5.1.1.tgz 0ms (cache hit)
npm http cache minimatch@https://registry.npmjs.org/minimatch/-/minimatch-10.2.5.tgz 0ms (cache hit)
npm http cache eslint-plugin-jest@https://registry.npmjs.org/eslint-plugin-jest/-/eslint-plugin-jest-29.15.2.tgz 0ms (cache hit)
npm http cache eslint-plugin-ft-flow@https://registry.npmjs.org/eslint-plugin-ft-flow/-/eslint-plugin-ft-flow-2.0.3.tgz 0ms (cache hit)
npm http cache @typescript-eslint/eslint-plugin@https://registry.npmjs.org/@typescript-eslint/eslint-plugin/-/eslint-plugin-8.60.1.tgz 0ms (cache hit)
npm http cache eslint-plugin-react-hooks@https://registry.npmjs.org/eslint-plugin-react-hooks/-/eslint-plugin-react-hooks-7.1.1.tgz 0ms (cache hit)
npm http cache @typescript-eslint/parser@https://registry.npmjs.org/@typescript-eslint/parser/-/parser-8.60.1.tgz 0ms (cache hit)
npm http cache eslint-plugin-eslint-comments@https://registry.npmjs.org/eslint-plugin-eslint-comments/-/eslint-plugin-eslint-comments-3.2.0.tgz 0ms (cache hit)
npm http cache @babel/eslint-parser@https://registry.npmjs.org/@babel/eslint-parser/-/eslint-parser-7.29.7.tgz 0ms (cache hit)
npm http cache tinyglobby@https://registry.npmjs.org/tinyglobby/-/tinyglobby-0.2.17.tgz 0ms (cache hit)
npm http cache @react-native/eslint-plugin@https://registry.npmjs.org/@react-native/eslint-plugin/-/eslint-plugin-0.85.3.tgz 0ms (cache hit)
npm http cache nullthrows@https://registry.npmjs.org/nullthrows/-/nullthrows-1.1.1.tgz 0ms (cache hit)
npm http cache hermes-parser@https://registry.npmjs.org/hermes-parser/-/hermes-parser-0.33.3.tgz 0ms (cache hit)
npm http cache @babel/plugin-syntax-typescript@https://registry.npmjs.org/@babel/plugin-syntax-typescript/-/plugin-syntax-typescript-7.29.7.tgz 1ms (cache hit)
npm http cache invariant@https://registry.npmjs.org/invariant/-/invariant-2.2.4.tgz 0ms (cache hit)
npm http cache @babel/plugin-syntax-jsx@https://registry.npmjs.org/@babel/plugin-syntax-jsx/-/plugin-syntax-jsx-7.29.7.tgz 0ms (cache hit)
npm http cache yargs@https://registry.npmjs.org/yargs/-/yargs-17.7.2.tgz 0ms (cache hit)
npm http cache react-refresh@https://registry.npmjs.org/react-refresh/-/react-refresh-0.14.2.tgz 0ms (cache hit)
npm http cache eslint-config-prettier@https://registry.npmjs.org/eslint-config-prettier/-/eslint-config-prettier-8.10.2.tgz 0ms (cache hit)
npm http cache @react-native/codegen@https://registry.npmjs.org/@react-native/codegen/-/codegen-0.85.3.tgz 0ms (cache hit)
npm http cache jest-regex-util@https://registry.npmjs.org/jest-regex-util/-/jest-regex-util-29.6.3.tgz 0ms (cache hit)
npm http cache @react-native/babel-plugin-codegen@https://registry.npmjs.org/@react-native/babel-plugin-codegen/-/babel-plugin-codegen-0.85.3.tgz 0ms (cache hit)
npm http cache @babel/plugin-transform-typescript@https://registry.npmjs.org/@babel/plugin-transform-typescript/-/plugin-transform-typescript-7.29.7.tgz 0ms (cache hit)
npm http cache @babel/plugin-transform-runtime@https://registry.npmjs.org/@babel/plugin-transform-runtime/-/plugin-transform-runtime-7.29.7.tgz 0ms (cache hit)
npm http cache babel-plugin-syntax-hermes-parser@https://registry.npmjs.org/babel-plugin-syntax-hermes-parser/-/babel-plugin-syntax-hermes-parser-0.33.3.tgz 0ms (cache hit)
npm http cache babel-plugin-transform-flow-enums@https://registry.npmjs.org/babel-plugin-transform-flow-enums/-/babel-plugin-transform-flow-enums-0.0.2.tgz 0ms (cache hit)
npm http cache babel-preset-jest@https://registry.npmjs.org/babel-preset-jest/-/babel-preset-jest-29.6.3.tgz 0ms (cache hit)
npm http cache @babel/plugin-syntax-flow@https://registry.npmjs.org/@babel/plugin-syntax-flow/-/plugin-syntax-flow-7.29.7.tgz 0ms (cache hit)
npm http cache eslint-plugin-react-native@https://registry.npmjs.org/eslint-plugin-react-native/-/eslint-plugin-react-native-5.0.0.tgz 0ms (cache hit)
npm http cache @babel/plugin-transform-react-jsx-source@https://registry.npmjs.org/@babel/plugin-transform-react-jsx-source/-/plugin-transform-react-jsx-source-7.29.7.tgz 0ms (cache hit)
npm http cache @babel/plugin-transform-react-jsx-self@https://registry.npmjs.org/@babel/plugin-transform-react-jsx-self/-/plugin-transform-react-jsx-self-7.29.7.tgz 0ms (cache hit)
npm http cache @babel/plugin-transform-react-display-name@https://registry.npmjs.org/@babel/plugin-transform-react-display-name/-/plugin-transform-react-display-name-7.29.7.tgz 0ms (cache hit)
npm http cache @babel/plugin-transform-react-jsx@https://registry.npmjs.org/@babel/plugin-transform-react-jsx/-/plugin-transform-react-jsx-7.29.7.tgz 0ms (cache hit)
npm http cache @babel/plugin-syntax-optional-chaining@https://registry.npmjs.org/@babel/plugin-syntax-optional-chaining/-/plugin-syntax-optional-chaining-7.8.3.tgz 0ms (cache hit)
npm http cache @babel/plugin-transform-flow-strip-types@https://registry.npmjs.org/@babel/plugin-transform-flow-strip-types/-/plugin-transform-flow-strip-types-7.29.7.tgz 0ms (cache hit)
npm http cache @babel/plugin-syntax-nullish-coalescing-operator@https://registry.npmjs.org/@babel/plugin-syntax-nullish-coalescing-operator/-/plugin-syntax-nullish-coalescing-operator-7.8.3.tgz 0ms (cache hit)
npm http cache @babel/plugin-syntax-export-default-from@https://registry.npmjs.org/@babel/plugin-syntax-export-default-from/-/plugin-syntax-export-default-from-7.29.7.tgz 0ms (cache hit)
npm http cache @babel/plugin-syntax-dynamic-import@https://registry.npmjs.org/@babel/plugin-syntax-dynamic-import/-/plugin-syntax-dynamic-import-7.8.3.tgz 0ms (cache hit)
npm http cache mime@https://registry.npmjs.org/mime/-/mime-2.6.0.tgz 0ms (cache hit)
npm http cache @babel/plugin-proposal-export-default-from@https://registry.npmjs.org/@babel/plugin-proposal-export-default-from/-/plugin-proposal-export-default-from-7.29.7.tgz 0ms (cache hit)
npm http cache launch-editor@https://registry.npmjs.org/launch-editor/-/launch-editor-2.14.1.tgz 0ms (cache hit)
npm http cache appdirsjs@https://registry.npmjs.org/appdirsjs/-/appdirsjs-1.2.7.tgz 0ms (cache hit)
npm http cache @vscode/sudo-prompt@https://registry.npmjs.org/@vscode/sudo-prompt/-/sudo-prompt-9.3.2.tgz 0ms (cache hit)
npm http cache strict-url-sanitise@https://registry.npmjs.org/strict-url-sanitise/-/strict-url-sanitise-0.0.1.tgz 0ms (cache hit)
npm http cache ws@https://registry.npmjs.org/ws/-/ws-6.2.4.tgz 0ms (cache hit)
npm http cache serve-static@https://registry.npmjs.org/serve-static/-/serve-static-1.16.3.tgz 0ms (cache hit)
npm http cache pretty-format@https://registry.npmjs.org/pretty-format/-/pretty-format-29.7.0.tgz 0ms (cache hit)
npm http cache open@https://registry.npmjs.org/open/-/open-6.4.0.tgz 0ms (cache hit)
npm http cache nocache@https://registry.npmjs.org/nocache/-/nocache-3.0.4.tgz 1ms (cache hit)
npm http cache errorhandler@https://registry.npmjs.org/errorhandler/-/errorhandler-1.5.2.tgz 0ms (cache hit)
npm http cache connect@https://registry.npmjs.org/connect/-/connect-3.7.0.tgz 0ms (cache hit)
npm http cache compression@https://registry.npmjs.org/compression/-/compression-1.8.1.tgz 0ms (cache hit)
npm http cache body-parser@https://registry.npmjs.org/body-parser/-/body-parser-2.2.2.tgz 0ms (cache hit)
npm http cache fast-xml-parser@https://registry.npmjs.org/fast-xml-parser/-/fast-xml-parser-4.5.6.tgz 0ms (cache hit)
npm http cache @react-native-community/cli-config-apple@https://registry.npmjs.org/@react-native-community/cli-config-apple/-/cli-config-apple-20.1.3.tgz 0ms (cache hit)
npm http cache logkitty@https://registry.npmjs.org/logkitty/-/logkitty-0.7.1.tgz 0ms (cache hit)
npm http cache @react-native-community/cli-config-android@https://registry.npmjs.org/@react-native-community/cli-config-android/-/cli-config-android-20.1.0.tgz 0ms (cache hit)
npm http cache yaml@https://registry.npmjs.org/yaml/-/yaml-2.9.0.tgz 0ms (cache hit)
npm http cache wcwidth@https://registry.npmjs.org/wcwidth/-/wcwidth-1.0.1.tgz 0ms (cache hit)
npm http cache ora@https://registry.npmjs.org/ora/-/ora-5.4.1.tgz 0ms (cache hit)
npm http cache envinfo@https://registry.npmjs.org/envinfo/-/envinfo-7.21.0.tgz 0ms (cache hit)
npm http cache node-stream-zip@https://registry.npmjs.org/node-stream-zip/-/node-stream-zip-1.15.0.tgz 0ms (cache hit)
npm http cache command-exists@https://registry.npmjs.org/command-exists/-/command-exists-1.2.9.tgz 0ms (cache hit)
npm http cache @react-native-community/cli-platform-apple@https://registry.npmjs.org/@react-native-community/cli-platform-apple/-/cli-platform-apple-20.1.3.tgz 0ms (cache hit)
npm http cache joi@https://registry.npmjs.org/joi/-/joi-17.13.3.tgz 0ms (cache hit)
npm http cache cosmiconfig@https://registry.npmjs.org/cosmiconfig/-/cosmiconfig-9.0.1.tgz 0ms (cache hit)
npm http cache fast-glob@https://registry.npmjs.org/fast-glob/-/fast-glob-3.3.3.tgz 0ms (cache hit)
npm http cache graceful-fs@https://registry.npmjs.org/graceful-fs/-/graceful-fs-4.2.11.tgz 0ms (cache hit)
npm http cache prompts@https://registry.npmjs.org/prompts/-/prompts-2.4.2.tgz 0ms (cache hit)
npm http cache fs-extra@https://registry.npmjs.org/fs-extra/-/fs-extra-8.1.0.tgz 0ms (cache hit)
npm http cache find-up@https://registry.npmjs.org/find-up/-/find-up-5.0.0.tgz 0ms (cache hit)
npm http cache execa@https://registry.npmjs.org/execa/-/execa-5.1.1.tgz 0ms (cache hit)
npm http cache deepmerge@https://registry.npmjs.org/deepmerge/-/deepmerge-4.3.1.tgz 0ms (cache hit)
npm http cache commander@https://registry.npmjs.org/commander/-/commander-9.5.0.tgz 0ms (cache hit)
npm http cache @react-native-community/cli-server-api@https://registry.npmjs.org/@react-native-community/cli-server-api/-/cli-server-api-20.1.3.tgz 0ms (cache hit)
npm http cache @react-native-community/cli-types@https://registry.npmjs.org/@react-native-community/cli-types/-/cli-types-20.1.3.tgz 0ms (cache hit)
npm http cache @react-native-community/cli-tools@https://registry.npmjs.org/@react-native-community/cli-tools/-/cli-tools-20.1.3.tgz 0ms (cache hit)
npm http cache @react-native-community/cli-config@https://registry.npmjs.org/@react-native-community/cli-config/-/cli-config-20.1.3.tgz 0ms (cache hit)
npm http cache @react-native-community/cli-clean@https://registry.npmjs.org/@react-native-community/cli-clean/-/cli-clean-20.1.3.tgz 0ms (cache hit)
npm http cache @jridgewell/resolve-uri@https://registry.npmjs.org/@jridgewell/resolve-uri/-/resolve-uri-3.1.2.tgz 0ms (cache hit)
npm http cache @jridgewell/sourcemap-codec@https://registry.npmjs.org/@jridgewell/sourcemap-codec/-/sourcemap-codec-1.5.5.tgz 0ms (cache hit)
npm http cache esutils@https://registry.npmjs.org/esutils/-/esutils-2.0.3.tgz 0ms (cache hit)
npm http cache @babel/helper-string-parser@https://registry.npmjs.org/@babel/helper-string-parser/-/helper-string-parser-7.29.7.tgz 0ms (cache hit)
npm http cache @babel/helper-globals@https://registry.npmjs.org/@babel/helper-globals/-/helper-globals-7.29.7.tgz 0ms (cache hit)
npm http cache @babel/helper-replace-supers@https://registry.npmjs.org/@babel/helper-replace-supers/-/helper-replace-supers-7.29.7.tgz 0ms (cache hit)
npm http cache @babel/helper-optimise-call-expression@https://registry.npmjs.org/@babel/helper-optimise-call-expression/-/helper-optimise-call-expression-7.29.7.tgz 0ms (cache hit)
npm http cache @babel/helper-member-expression-to-functions@https://registry.npmjs.org/@babel/helper-member-expression-to-functions/-/helper-member-expression-to-functions-7.29.7.tgz 0ms (cache hit)
npm http cache @babel/helper-create-class-features-plugin@https://registry.npmjs.org/@babel/helper-create-class-features-plugin/-/helper-create-class-features-plugin-7.29.7.tgz 0ms (cache hit)
npm http cache @babel/helper-remap-async-to-generator@https://registry.npmjs.org/@babel/helper-remap-async-to-generator/-/helper-remap-async-to-generator-7.29.7.tgz 0ms (cache hit)
npm http cache @babel/helper-wrap-function@https://registry.npmjs.org/@babel/helper-wrap-function/-/helper-wrap-function-7.29.7.tgz 0ms (cache hit)
npm http cache regexpu-core@https://registry.npmjs.org/regexpu-core/-/regexpu-core-6.4.0.tgz 0ms (cache hit)
npm http cache @babel/helper-annotate-as-pure@https://registry.npmjs.org/@babel/helper-annotate-as-pure/-/helper-annotate-as-pure-7.29.7.tgz 0ms (cache hit)
npm http cache @babel/helper-create-regexp-features-plugin@https://registry.npmjs.org/@babel/helper-create-regexp-features-plugin/-/helper-create-regexp-features-plugin-7.29.7.tgz 0ms (cache hit)
npm http cache @babel/helper-skip-transparent-expression-wrappers@https://registry.npmjs.org/@babel/helper-skip-transparent-expression-wrappers/-/helper-skip-transparent-expression-wrappers-7.29.7.tgz 0ms (cache hit)
npm http cache core-js-compat@https://registry.npmjs.org/core-js-compat/-/core-js-compat-3.49.0.tgz 0ms (cache hit)
npm http cache babel-plugin-polyfill-regenerator@https://registry.npmjs.org/babel-plugin-polyfill-regenerator/-/babel-plugin-polyfill-regenerator-0.6.8.tgz 0ms (cache hit)
npm http cache babel-plugin-polyfill-corejs3@https://registry.npmjs.org/babel-plugin-polyfill-corejs3/-/babel-plugin-polyfill-corejs3-0.14.2.tgz 0ms (cache hit)
npm http cache @babel/preset-modules@https://registry.npmjs.org/@babel/preset-modules/-/preset-modules-0.1.6-no-external-plugins.tgz 0ms (cache hit)
npm http cache babel-plugin-polyfill-corejs2@https://registry.npmjs.org/babel-plugin-polyfill-corejs2/-/babel-plugin-polyfill-corejs2-0.4.17.tgz 0ms (cache hit)
npm http cache @babel/plugin-transform-unicode-regex@https://registry.npmjs.org/@babel/plugin-transform-unicode-regex/-/plugin-transform-unicode-regex-7.29.7.tgz 0ms (cache hit)
npm http cache @babel/plugin-transform-unicode-sets-regex@https://registry.npmjs.org/@babel/plugin-transform-unicode-sets-regex/-/plugin-transform-unicode-sets-regex-7.29.7.tgz 0ms (cache hit)
npm http cache @react-native-community/cli-doctor@https://registry.npmjs.org/@react-native-community/cli-doctor/-/cli-doctor-20.1.3.tgz 0ms (cache hit)
npm http cache @babel/plugin-transform-unicode-property-regex@https://registry.npmjs.org/@babel/plugin-transform-unicode-property-regex/-/plugin-transform-unicode-property-regex-7.29.7.tgz 0ms (cache hit)
npm http cache @babel/plugin-transform-unicode-escapes@https://registry.npmjs.org/@babel/plugin-transform-unicode-escapes/-/plugin-transform-unicode-escapes-7.29.7.tgz 0ms (cache hit)
npm http cache @babel/plugin-transform-sticky-regex@https://registry.npmjs.org/@babel/plugin-transform-sticky-regex/-/plugin-transform-sticky-regex-7.29.7.tgz 0ms (cache hit)
npm http cache @babel/plugin-transform-typeof-symbol@https://registry.npmjs.org/@babel/plugin-transform-typeof-symbol/-/plugin-transform-typeof-symbol-7.29.7.tgz 0ms (cache hit)
npm http cache @babel/plugin-transform-template-literals@https://registry.npmjs.org/@babel/plugin-transform-template-literals/-/plugin-transform-template-literals-7.29.7.tgz 0ms (cache hit)
npm http cache @babel/plugin-transform-shorthand-properties@https://registry.npmjs.org/@babel/plugin-transform-shorthand-properties/-/plugin-transform-shorthand-properties-7.29.7.tgz 0ms (cache hit)
npm http cache @babel/plugin-transform-reserved-words@https://registry.npmjs.org/@babel/plugin-transform-reserved-words/-/plugin-transform-reserved-words-7.29.7.tgz 0ms (cache hit)
npm http cache @babel/plugin-transform-regexp-modifiers@https://registry.npmjs.org/@babel/plugin-transform-regexp-modifiers/-/plugin-transform-regexp-modifiers-7.29.7.tgz 0ms (cache hit)
npm http cache @babel/plugin-transform-regenerator@https://registry.npmjs.org/@babel/plugin-transform-regenerator/-/plugin-transform-regenerator-7.29.7.tgz 0ms (cache hit)
npm http cache @babel/plugin-transform-private-property-in-object@https://registry.npmjs.org/@babel/plugin-transform-private-property-in-object/-/plugin-transform-private-property-in-object-7.29.7.tgz 0ms (cache hit)
npm http cache @babel/plugin-transform-private-methods@https://registry.npmjs.org/@babel/plugin-transform-private-methods/-/plugin-transform-private-methods-7.29.7.tgz 0ms (cache hit)
npm http cache @babel/plugin-transform-property-literals@https://registry.npmjs.org/@babel/plugin-transform-property-literals/-/plugin-transform-property-literals-7.29.7.tgz 0ms (cache hit)
npm http cache @babel/plugin-transform-parameters@https://registry.npmjs.org/@babel/plugin-transform-parameters/-/plugin-transform-parameters-7.29.7.tgz 0ms (cache hit)
npm http cache @babel/plugin-transform-optional-chaining@https://registry.npmjs.org/@babel/plugin-transform-optional-chaining/-/plugin-transform-optional-chaining-7.29.7.tgz 0ms (cache hit)
npm http cache @babel/plugin-transform-optional-catch-binding@https://registry.npmjs.org/@babel/plugin-transform-optional-catch-binding/-/plugin-transform-optional-catch-binding-7.29.7.tgz 0ms (cache hit)
npm http cache @babel/plugin-transform-object-super@https://registry.npmjs.org/@babel/plugin-transform-object-super/-/plugin-transform-object-super-7.29.7.tgz 0ms (cache hit)
npm http cache @babel/plugin-transform-object-rest-spread@https://registry.npmjs.org/@babel/plugin-transform-object-rest-spread/-/plugin-transform-object-rest-spread-7.29.7.tgz 0ms (cache hit)
npm http cache @babel/plugin-transform-numeric-separator@https://registry.npmjs.org/@babel/plugin-transform-numeric-separator/-/plugin-transform-numeric-separator-7.29.7.tgz 0ms (cache hit)
npm http cache @babel/plugin-transform-new-target@https://registry.npmjs.org/@babel/plugin-transform-new-target/-/plugin-transform-new-target-7.29.7.tgz 0ms (cache hit)
npm http cache @babel/plugin-transform-nullish-coalescing-operator@https://registry.npmjs.org/@babel/plugin-transform-nullish-coalescing-operator/-/plugin-transform-nullish-coalescing-operator-7.29.7.tgz 0ms (cache hit)
npm http cache @babel/plugin-transform-modules-umd@https://registry.npmjs.org/@babel/plugin-transform-modules-umd/-/plugin-transform-modules-umd-7.29.7.tgz 0ms (cache hit)
npm http cache @babel/plugin-transform-modules-systemjs@https://registry.npmjs.org/@babel/plugin-transform-modules-systemjs/-/plugin-transform-modules-systemjs-7.29.7.tgz 0ms (cache hit)
npm http cache @babel/plugin-transform-named-capturing-groups-regex@https://registry.npmjs.org/@babel/plugin-transform-named-capturing-groups-regex/-/plugin-transform-named-capturing-groups-regex-7.29.7.tgz 0ms (cache hit)
npm http cache @babel/plugin-transform-modules-commonjs@https://registry.npmjs.org/@babel/plugin-transform-modules-commonjs/-/plugin-transform-modules-commonjs-7.29.7.tgz 0ms (cache hit)
npm http cache @babel/plugin-transform-modules-amd@https://registry.npmjs.org/@babel/plugin-transform-modules-amd/-/plugin-transform-modules-amd-7.29.7.tgz 0ms (cache hit)
npm http cache @babel/plugin-transform-logical-assignment-operators@https://registry.npmjs.org/@babel/plugin-transform-logical-assignment-operators/-/plugin-transform-logical-assignment-operators-7.29.7.tgz 0ms (cache hit)
npm http cache @babel/plugin-transform-member-expression-literals@https://registry.npmjs.org/@babel/plugin-transform-member-expression-literals/-/plugin-transform-member-expression-literals-7.29.7.tgz 0ms (cache hit)
npm http cache @babel/plugin-transform-literals@https://registry.npmjs.org/@babel/plugin-transform-literals/-/plugin-transform-literals-7.29.7.tgz 0ms (cache hit)
npm http cache @babel/plugin-transform-json-strings@https://registry.npmjs.org/@babel/plugin-transform-json-strings/-/plugin-transform-json-strings-7.29.7.tgz 0ms (cache hit)
npm http cache @babel/plugin-transform-function-name@https://registry.npmjs.org/@babel/plugin-transform-function-name/-/plugin-transform-function-name-7.29.7.tgz 0ms (cache hit)
npm http cache @babel/plugin-transform-export-namespace-from@https://registry.npmjs.org/@babel/plugin-transform-export-namespace-from/-/plugin-transform-export-namespace-from-7.29.7.tgz 0ms (cache hit)
npm http cache @babel/plugin-transform-for-of@https://registry.npmjs.org/@babel/plugin-transform-for-of/-/plugin-transform-for-of-7.29.7.tgz 0ms (cache hit)
npm http cache @babel/plugin-transform-exponentiation-operator@https://registry.npmjs.org/@babel/plugin-transform-exponentiation-operator/-/plugin-transform-exponentiation-operator-7.29.7.tgz 0ms (cache hit)
npm http cache @babel/plugin-transform-dynamic-import@https://registry.npmjs.org/@babel/plugin-transform-dynamic-import/-/plugin-transform-dynamic-import-7.29.7.tgz 0ms (cache hit)
npm http cache @babel/plugin-transform-duplicate-named-capturing-groups-regex@https://registry.npmjs.org/@babel/plugin-transform-duplicate-named-capturing-groups-regex/-/plugin-transform-duplicate-named-capturing-groups-regex-7.29.7.tgz 0ms (cache hit)
npm http cache @babel/plugin-transform-duplicate-keys@https://registry.npmjs.org/@babel/plugin-transform-duplicate-keys/-/plugin-transform-duplicate-keys-7.29.7.tgz 0ms (cache hit)
npm http cache @babel/plugin-transform-explicit-resource-management@https://registry.npmjs.org/@babel/plugin-transform-explicit-resource-management/-/plugin-transform-explicit-resource-management-7.29.7.tgz 0ms (cache hit)
npm http cache @babel/plugin-transform-computed-properties@https://registry.npmjs.org/@babel/plugin-transform-computed-properties/-/plugin-transform-computed-properties-7.29.7.tgz 0ms (cache hit)
npm http cache @babel/plugin-transform-dotall-regex@https://registry.npmjs.org/@babel/plugin-transform-dotall-regex/-/plugin-transform-dotall-regex-7.29.7.tgz 0ms (cache hit)
npm http cache @babel/plugin-transform-destructuring@https://registry.npmjs.org/@babel/plugin-transform-destructuring/-/plugin-transform-destructuring-7.29.7.tgz 0ms (cache hit)
npm http cache @babel/plugin-transform-class-static-block@https://registry.npmjs.org/@babel/plugin-transform-class-static-block/-/plugin-transform-class-static-block-7.29.7.tgz 0ms (cache hit)
npm http cache @babel/plugin-transform-classes@https://registry.npmjs.org/@babel/plugin-transform-classes/-/plugin-transform-classes-7.29.7.tgz 0ms (cache hit)
npm http cache @babel/plugin-transform-class-properties@https://registry.npmjs.org/@babel/plugin-transform-class-properties/-/plugin-transform-class-properties-7.29.7.tgz 0ms (cache hit)
npm http cache @babel/plugin-transform-block-scoping@https://registry.npmjs.org/@babel/plugin-transform-block-scoping/-/plugin-transform-block-scoping-7.29.7.tgz 0ms (cache hit)
npm http cache @babel/plugin-transform-arrow-functions@https://registry.npmjs.org/@babel/plugin-transform-arrow-functions/-/plugin-transform-arrow-functions-7.29.7.tgz 0ms (cache hit)
npm http cache @babel/plugin-syntax-unicode-sets-regex@https://registry.npmjs.org/@babel/plugin-syntax-unicode-sets-regex/-/plugin-syntax-unicode-sets-regex-7.18.6.tgz 1ms (cache hit)
npm http cache @babel/plugin-transform-async-generator-functions@https://registry.npmjs.org/@babel/plugin-transform-async-generator-functions/-/plugin-transform-async-generator-functions-7.29.7.tgz 0ms (cache hit)
npm http cache @babel/plugin-syntax-import-assertions@https://registry.npmjs.org/@babel/plugin-syntax-import-assertions/-/plugin-syntax-import-assertions-7.29.7.tgz 0ms (cache hit)
npm http cache @babel/plugin-syntax-import-attributes@https://registry.npmjs.org/@babel/plugin-syntax-import-attributes/-/plugin-syntax-import-attributes-7.29.7.tgz 0ms (cache hit)
npm http cache @babel/plugin-transform-async-to-generator@https://registry.npmjs.org/@babel/plugin-transform-async-to-generator/-/plugin-transform-async-to-generator-7.29.7.tgz 0ms (cache hit)
npm http cache @babel/plugin-bugfix-safari-rest-destructuring-rhs-array@https://registry.npmjs.org/@babel/plugin-bugfix-safari-rest-destructuring-rhs-array/-/plugin-bugfix-safari-rest-destructuring-rhs-array-7.29.7.tgz 0ms (cache hit)
npm http cache @babel/plugin-bugfix-v8-spread-parameters-in-optional-chaining@https://registry.npmjs.org/@babel/plugin-bugfix-v8-spread-parameters-in-optional-chaining/-/plugin-bugfix-v8-spread-parameters-in-optional-chaining-7.29.7.tgz 1ms (cache hit)
npm http cache @babel/plugin-bugfix-safari-id-destructuring-collision-in-function-expression@https://registry.npmjs.org/@babel/plugin-bugfix-safari-id-destructuring-collision-in-function-expression/-/plugin-bugfix-safari-id-destructuring-collision-in-function-expression-7.29.7.tgz 0ms (cache hit)
npm http cache @babel/plugin-bugfix-v8-static-class-fields-redefine-readonly@https://registry.npmjs.org/@babel/plugin-bugfix-v8-static-class-fields-redefine-readonly/-/plugin-bugfix-v8-static-class-fields-redefine-readonly-7.29.7.tgz 0ms (cache hit)
npm http cache @babel/plugin-bugfix-safari-class-field-initializer-scope@https://registry.npmjs.org/@babel/plugin-bugfix-safari-class-field-initializer-scope/-/plugin-bugfix-safari-class-field-initializer-scope-7.29.7.tgz 0ms (cache hit)
npm http cache @babel/helper-plugin-utils@https://registry.npmjs.org/@babel/helper-plugin-utils/-/helper-plugin-utils-7.29.7.tgz 0ms (cache hit)
npm http cache @babel/plugin-bugfix-firefox-class-in-computed-class-key@https://registry.npmjs.org/@babel/plugin-bugfix-firefox-class-in-computed-class-key/-/plugin-bugfix-firefox-class-in-computed-class-key-7.29.7.tgz 0ms (cache hit)
npm http cache @babel/helper-module-imports@https://registry.npmjs.org/@babel/helper-module-imports/-/helper-module-imports-7.29.7.tgz 0ms (cache hit)
npm http cache lru-cache@https://registry.npmjs.org/lru-cache/-/lru-cache-5.1.1.tgz 0ms (cache hit)
npm http cache @babel/helper-validator-option@https://registry.npmjs.org/@babel/helper-validator-option/-/helper-validator-option-7.29.7.tgz 0ms (cache hit)
npm http cache browserslist@https://registry.npmjs.org/browserslist/-/browserslist-4.28.2.tgz 0ms (cache hit)
npm http cache @babel/plugin-proposal-private-property-in-object@https://registry.npmjs.org/@babel/plugin-proposal-private-property-in-object/-/plugin-proposal-private-property-in-object-7.21.0-placeholder-for-preset-env.2.tgz 0ms (cache hit)
npm http cache @babel/compat-data@https://registry.npmjs.org/@babel/compat-data/-/compat-data-7.29.7.tgz 0ms (cache hit)
npm http cache @jridgewell/trace-mapping@https://registry.npmjs.org/@jridgewell/trace-mapping/-/trace-mapping-0.3.31.tgz 0ms (cache hit)
npm http cache jsesc@https://registry.npmjs.org/jsesc/-/jsesc-3.1.0.tgz 0ms (cache hit)
npm http cache @jridgewell/gen-mapping@https://registry.npmjs.org/@jridgewell/gen-mapping/-/gen-mapping-0.3.13.tgz 0ms (cache hit)
npm http cache @babel/plugin-transform-block-scoped-functions@https://registry.npmjs.org/@babel/plugin-transform-block-scoped-functions/-/plugin-transform-block-scoped-functions-7.29.7.tgz 0ms (cache hit)
npm http cache @babel/plugin-transform-spread@https://registry.npmjs.org/@babel/plugin-transform-spread/-/plugin-transform-spread-7.29.7.tgz 0ms (cache hit)
npm http cache @babel/helper-validator-identifier@https://registry.npmjs.org/@babel/helper-validator-identifier/-/helper-validator-identifier-7.29.7.tgz 0ms (cache hit)
npm http cache semver@https://registry.npmjs.org/semver/-/semver-6.3.1.tgz 0ms (cache hit)
npm http cache json5@https://registry.npmjs.org/json5/-/json5-2.2.3.tgz 0ms (cache hit)
npm http cache debug@https://registry.npmjs.org/debug/-/debug-4.4.3.tgz 0ms (cache hit)
npm http cache @jridgewell/remapping@https://registry.npmjs.org/@jridgewell/remapping/-/remapping-2.3.5.tgz 0ms (cache hit)
npm http cache convert-source-map@https://registry.npmjs.org/convert-source-map/-/convert-source-map-2.0.0.tgz 0ms (cache hit)
npm http cache gensync@https://registry.npmjs.org/gensync/-/gensync-1.0.0-beta.2.tgz 0ms (cache hit)
npm http cache @babel/template@https://registry.npmjs.org/@babel/template/-/template-7.29.7.tgz 0ms (cache hit)
npm http cache @babel/types@https://registry.npmjs.org/@babel/types/-/types-7.29.7.tgz 0ms (cache hit)
npm http cache @babel/helpers@https://registry.npmjs.org/@babel/helpers/-/helpers-7.29.7.tgz 0ms (cache hit)
npm http cache @babel/parser@https://registry.npmjs.org/@babel/parser/-/parser-7.29.7.tgz 0ms (cache hit)
npm http cache @babel/helper-module-transforms@https://registry.npmjs.org/@babel/helper-module-transforms/-/helper-module-transforms-7.29.7.tgz 0ms (cache hit)
npm http cache @babel/generator@https://registry.npmjs.org/@babel/generator/-/generator-7.29.7.tgz 0ms (cache hit)
npm http cache @babel/code-frame@https://registry.npmjs.org/@babel/code-frame/-/code-frame-7.29.7.tgz 0ms (cache hit)
npm http cache typescript@https://registry.npmjs.org/typescript/-/typescript-5.9.3.tgz 0ms (cache hit)
npm http cache react-test-renderer@https://registry.npmjs.org/react-test-renderer/-/react-test-renderer-19.2.3.tgz 0ms (cache hit)
npm http cache react-native-safe-area-context@https://registry.npmjs.org/react-native-safe-area-context/-/react-native-safe-area-context-5.8.0.tgz 0ms (cache hit)
npm http cache react-native-svg@https://registry.npmjs.org/react-native-svg/-/react-native-svg-15.15.5.tgz 0ms (cache hit)
npm http cache lucide-react-native@https://registry.npmjs.org/lucide-react-native/-/lucide-react-native-1.17.0.tgz 0ms (cache hit)
npm http cache lottie-react-native@https://registry.npmjs.org/lottie-react-native/-/lottie-react-native-7.3.8.tgz 0ms (cache hit)
npm http cache jest@https://registry.npmjs.org/jest/-/jest-29.7.0.tgz 0ms (cache hit)
npm http cache @types/react-test-renderer@https://registry.npmjs.org/@types/react-test-renderer/-/react-test-renderer-19.1.0.tgz 0ms (cache hit)
npm http cache @types/react@https://registry.npmjs.org/@types/react/-/react-19.2.17.tgz 0ms (cache hit)
npm http cache @types/jest@https://registry.npmjs.org/@types/jest/-/jest-29.5.14.tgz 0ms (cache hit)
npm http cache react-native@https://registry.npmjs.org/react-native/-/react-native-0.85.3.tgz 0ms (cache hit)
npm http cache @react-native/typescript-config@https://registry.npmjs.org/@react-native/typescript-config/-/typescript-config-0.85.3.tgz 0ms (cache hit)
npm http cache @react-native/new-app-screen@https://registry.npmjs.org/@react-native/new-app-screen/-/new-app-screen-0.85.3.tgz 0ms (cache hit)
npm http cache @react-native/metro-config@https://registry.npmjs.org/@react-native/metro-config/-/metro-config-0.85.3.tgz 0ms (cache hit)
npm http cache react@https://registry.npmjs.org/react/-/react-19.2.3.tgz 0ms (cache hit)
npm http cache @react-native/jest-preset@https://registry.npmjs.org/@react-native/jest-preset/-/jest-preset-0.85.3.tgz 0ms (cache hit)
npm http cache eslint@https://registry.npmjs.org/eslint/-/eslint-8.57.1.tgz 0ms (cache hit)
npm http cache @react-native/eslint-config@https://registry.npmjs.org/@react-native/eslint-config/-/eslint-config-0.85.3.tgz 0ms (cache hit)
npm http cache @react-native/babel-preset@https://registry.npmjs.org/@react-native/babel-preset/-/babel-preset-0.85.3.tgz 0ms (cache hit)
npm http cache @react-native-community/cli-platform-android@https://registry.npmjs.org/@react-native-community/cli-platform-android/-/cli-platform-android-20.1.0.tgz 0ms (cache hit)
npm http cache @react-native-community/cli-platform-ios@https://registry.npmjs.org/@react-native-community/cli-platform-ios/-/cli-platform-ios-20.1.0.tgz 0ms (cache hit)
npm http cache @react-native-community/cli@https://registry.npmjs.org/@react-native-community/cli/-/cli-20.1.3.tgz 0ms (cache hit)
npm http cache @babel/runtime@https://registry.npmjs.org/@babel/runtime/-/runtime-7.29.7.tgz 0ms (cache hit)
npm http cache @babel/preset-env@https://registry.npmjs.org/@babel/preset-env/-/preset-env-7.29.7.tgz 0ms (cache hit)
npm http cache @babel/core@https://registry.npmjs.org/@babel/core/-/core-7.29.7.tgz 0ms (cache hit)
npm http cache picocolors@https://registry.npmjs.org/picocolors/-/picocolors-1.1.1.tgz 0ms (cache hit)
npm http cache js-tokens@https://registry.npmjs.org/js-tokens/-/js-tokens-4.0.0.tgz 0ms (cache hit)
npm http cache is-fullwidth-code-point@https://registry.npmjs.org/is-fullwidth-code-point/-/is-fullwidth-code-point-3.0.0.tgz 0ms (cache hit)
npm http cache mime@https://registry.npmjs.org/mime/-/mime-1.6.0.tgz 0ms (cache hit)
npm http cache encodeurl@https://registry.npmjs.org/encodeurl/-/encodeurl-2.0.0.tgz 0ms (cache hit)
npm http cache prettier@https://registry.npmjs.org/prettier/-/prettier-2.8.8.tgz 0ms (cache hit)
npm http cache debug@https://registry.npmjs.org/debug/-/debug-2.6.9.tgz 0ms (cache hit)
npm http cache ms@https://registry.npmjs.org/ms/-/ms-2.0.0.tgz 0ms (cache hit)
npm http cache ms@https://registry.npmjs.org/ms/-/ms-2.0.0.tgz 0ms (cache hit)
npm http cache debug@https://registry.npmjs.org/debug/-/debug-2.6.9.tgz 0ms (cache hit)
npm http cache is-wsl@https://registry.npmjs.org/is-wsl/-/is-wsl-2.2.0.tgz 0ms (cache hit)
npm http cache @babel/traverse@https://registry.npmjs.org/@babel/traverse/-/traverse-7.29.7.tgz 0ms (cache hit)
npm http cache @babel/plugin-syntax-private-property-in-object@https://registry.npmjs.org/@babel/plugin-syntax-private-property-in-object/-/plugin-syntax-private-property-in-object-7.14.5.tgz 0ms (cache hit)
npm http cache is-wsl@https://registry.npmjs.org/is-wsl/-/is-wsl-2.2.0.tgz 0ms (cache hit)
npm http cache ws@https://registry.npmjs.org/ws/-/ws-7.5.11.tgz 0ms (cache hit)
npm http cache ws@https://registry.npmjs.org/ws/-/ws-7.5.11.tgz 0ms (cache hit)
npm http cache @babel/helper-compilation-targets@https://registry.npmjs.org/@babel/helper-compilation-targets/-/helper-compilation-targets-7.29.7.tgz 0ms (cache hit)
npm http cache type-fest@https://registry.npmjs.org/type-fest/-/type-fest-0.7.1.tgz 0ms (cache hit)
npm http cache open@https://registry.npmjs.org/open/-/open-7.4.2.tgz 0ms (cache hit)
npm http cache commander@https://registry.npmjs.org/commander/-/commander-2.20.3.tgz 0ms (cache hit)
npm http cache source-map-support@https://registry.npmjs.org/source-map-support/-/source-map-support-0.5.21.tgz 0ms (cache hit)
npm http cache source-map@https://registry.npmjs.org/source-map/-/source-map-0.5.7.tgz 0ms (cache hit)
npm http cache source-map@https://registry.npmjs.org/source-map/-/source-map-0.5.7.tgz 0ms (cache hit)
npm http cache hermes-parser@https://registry.npmjs.org/hermes-parser/-/hermes-parser-0.35.0.tgz 0ms (cache hit)
npm http cache hermes-estree@https://registry.npmjs.org/hermes-estree/-/hermes-estree-0.35.0.tgz 0ms (cache hit)
npm http cache hermes-estree@https://registry.npmjs.org/hermes-estree/-/hermes-estree-0.35.0.tgz 0ms (cache hit)
npm http cache is-wsl@https://registry.npmjs.org/is-wsl/-/is-wsl-2.2.0.tgz 0ms (cache hit)
npm http cache ws@https://registry.npmjs.org/ws/-/ws-7.5.11.tgz 0ms (cache hit)
npm http cache statuses@https://registry.npmjs.org/statuses/-/statuses-2.0.2.tgz 0ms (cache hit)
npm http cache mime-types@https://registry.npmjs.org/mime-types/-/mime-types-3.0.2.tgz 0ms (cache hit)
npm http cache source-map@https://registry.npmjs.org/source-map/-/source-map-0.5.7.tgz 0ms (cache hit)
npm http cache hermes-parser@https://registry.npmjs.org/hermes-parser/-/hermes-parser-0.35.0.tgz 0ms (cache hit)
npm http cache ci-info@https://registry.npmjs.org/ci-info/-/ci-info-2.0.0.tgz 0ms (cache hit)
npm http cache accepts@https://registry.npmjs.org/accepts/-/accepts-2.0.0.tgz 0ms (cache hit)
npm http cache color-name@https://registry.npmjs.org/color-name/-/color-name-1.1.3.tgz 0ms (cache hit)
npm http cache color-convert@https://registry.npmjs.org/color-convert/-/color-convert-1.9.3.tgz 0ms (cache hit)
npm http cache ansi-styles@https://registry.npmjs.org/ansi-styles/-/ansi-styles-3.2.1.tgz 0ms (cache hit)
npm http cache ansi-regex@https://registry.npmjs.org/ansi-regex/-/ansi-regex-4.1.1.tgz 0ms (cache hit)
npm http cache negotiator@https://registry.npmjs.org/negotiator/-/negotiator-1.0.0.tgz 0ms (cache hit)
npm http cache semver@https://registry.npmjs.org/semver/-/semver-7.8.2.tgz 0ms (cache hit)
npm http cache escape-string-regexp@https://registry.npmjs.org/escape-string-regexp/-/escape-string-regexp-2.0.0.tgz 0ms (cache hit)
npm http cache semver@https://registry.npmjs.org/semver/-/semver-7.8.2.tgz 0ms (cache hit)
npm http cache p-limit@https://registry.npmjs.org/p-limit/-/p-limit-2.3.0.tgz 0ms (cache hit)
npm http cache find-up@https://registry.npmjs.org/find-up/-/find-up-4.1.0.tgz 0ms (cache hit)
npm http cache p-locate@https://registry.npmjs.org/p-locate/-/p-locate-4.1.0.tgz 1ms (cache hit)
npm http cache supports-color@https://registry.npmjs.org/supports-color/-/supports-color-8.1.1.tgz 0ms (cache hit)
npm http cache brace-expansion@https://registry.npmjs.org/brace-expansion/-/brace-expansion-1.1.15.tgz 0ms (cache hit)
npm http cache balanced-match@https://registry.npmjs.org/balanced-match/-/balanced-match-1.0.2.tgz 0ms (cache hit)
npm http cache camelcase@https://registry.npmjs.org/camelcase/-/camelcase-6.3.0.tgz 0ms (cache hit)
npm http cache minimatch@https://registry.npmjs.org/minimatch/-/minimatch-3.1.5.tgz 0ms (cache hit)
npm http cache semver@https://registry.npmjs.org/semver/-/semver-7.8.2.tgz 0ms (cache hit)
npm http cache semver@https://registry.npmjs.org/semver/-/semver-7.8.2.tgz 0ms (cache hit)
npm http cache istanbul-lib-instrument@https://registry.npmjs.org/istanbul-lib-instrument/-/istanbul-lib-instrument-6.0.3.tgz 0ms (cache hit)
npm http cache type-fest@https://registry.npmjs.org/type-fest/-/type-fest-0.21.3.tgz 0ms (cache hit)
npm http cache react-is@https://registry.npmjs.org/react-is/-/react-is-16.13.1.tgz 0ms (cache hit)
npm http cache eslint-visitor-keys@https://registry.npmjs.org/eslint-visitor-keys/-/eslint-visitor-keys-3.4.3.tgz 0ms (cache hit)
npm http cache balanced-match@https://registry.npmjs.org/balanced-match/-/balanced-match-1.0.2.tgz 1ms (cache hit)
npm http cache locate-path@https://registry.npmjs.org/locate-path/-/locate-path-5.0.0.tgz 0ms (cache hit)
npm http cache minimatch@https://registry.npmjs.org/minimatch/-/minimatch-3.1.5.tgz 1ms (cache hit)
npm http cache brace-expansion@https://registry.npmjs.org/brace-expansion/-/brace-expansion-1.1.15.tgz 0ms (cache hit)
npm http cache balanced-match@https://registry.npmjs.org/balanced-match/-/balanced-match-1.0.2.tgz 0ms (cache hit)
npm http cache brace-expansion@https://registry.npmjs.org/brace-expansion/-/brace-expansion-1.1.15.tgz 0ms (cache hit)
npm http cache minimatch@https://registry.npmjs.org/minimatch/-/minimatch-3.1.5.tgz 0ms (cache hit)
npm http cache js-yaml@https://registry.npmjs.org/js-yaml/-/js-yaml-4.2.0.tgz 0ms (cache hit)
npm http cache argparse@https://registry.npmjs.org/argparse/-/argparse-2.0.1.tgz 0ms (cache hit)
npm http cache ignore@https://registry.npmjs.org/ignore/-/ignore-5.3.2.tgz 0ms (cache hit)
npm http cache negotiator@https://registry.npmjs.org/negotiator/-/negotiator-0.6.3.tgz 0ms (cache hit)
npm http cache resolve-from@https://registry.npmjs.org/resolve-from/-/resolve-from-4.0.0.tgz 0ms (cache hit)
npm http cache ms@https://registry.npmjs.org/ms/-/ms-2.0.0.tgz 0ms (cache hit)
npm http cache strip-ansi@https://registry.npmjs.org/strip-ansi/-/strip-ansi-5.2.0.tgz 0ms (cache hit)
npm http cache mime-db@https://registry.npmjs.org/mime-db/-/mime-db-1.52.0.tgz 0ms (cache hit)
npm http cache on-finished@https://registry.npmjs.org/on-finished/-/on-finished-2.3.0.tgz 0ms (cache hit)
npm http cache debug@https://registry.npmjs.org/debug/-/debug-2.6.9.tgz 0ms (cache hit)
npm http cache mime-types@https://registry.npmjs.org/mime-types/-/mime-types-3.0.2.tgz 1ms (cache hit)
npm http cache brace-expansion@https://registry.npmjs.org/brace-expansion/-/brace-expansion-1.1.15.tgz 0ms (cache hit)
npm http cache statuses@https://registry.npmjs.org/statuses/-/statuses-2.0.2.tgz 0ms (cache hit)
npm http cache content-type@https://registry.npmjs.org/content-type/-/content-type-2.0.0.tgz 0ms (cache hit)
npm http cache minimatch@https://registry.npmjs.org/minimatch/-/minimatch-3.1.5.tgz 0ms (cache hit)
npm http cache balanced-match@https://registry.npmjs.org/balanced-match/-/balanced-match-1.0.2.tgz 0ms (cache hit)
npm http cache p-locate@https://registry.npmjs.org/p-locate/-/p-locate-4.1.0.tgz 0ms (cache hit)
npm http cache p-limit@https://registry.npmjs.org/p-limit/-/p-limit-2.3.0.tgz 0ms (cache hit)
npm http cache locate-path@https://registry.npmjs.org/locate-path/-/locate-path-5.0.0.tgz 0ms (cache hit)
npm http cache find-up@https://registry.npmjs.org/find-up/-/find-up-4.1.0.tgz 0ms (cache hit)
npm http cache eslint-visitor-keys@https://registry.npmjs.org/eslint-visitor-keys/-/eslint-visitor-keys-3.4.3.tgz 0ms (cache hit)
npm http cache semver@https://registry.npmjs.org/semver/-/semver-7.8.2.tgz 0ms (cache hit)
npm http cache hermes-estree@https://registry.npmjs.org/hermes-estree/-/hermes-estree-0.25.1.tgz 0ms (cache hit)
npm http cache eslint-visitor-keys@https://registry.npmjs.org/eslint-visitor-keys/-/eslint-visitor-keys-5.0.1.tgz 0ms (cache hit)
npm http cache estraverse@https://registry.npmjs.org/estraverse/-/estraverse-4.3.0.tgz 0ms (cache hit)
npm http cache balanced-match@https://registry.npmjs.org/balanced-match/-/balanced-match-1.0.2.tgz 0ms (cache hit)
npm http cache minimatch@https://registry.npmjs.org/minimatch/-/minimatch-3.1.5.tgz 0ms (cache hit)
npm http cache resolve@https://registry.npmjs.org/resolve/-/resolve-2.0.0-next.7.tgz 0ms (cache hit)
npm http cache doctrine@https://registry.npmjs.org/doctrine/-/doctrine-2.1.0.tgz 0ms (cache hit)
npm http cache brace-expansion@https://registry.npmjs.org/brace-expansion/-/brace-expansion-1.1.15.tgz 0ms (cache hit)
npm http cache ignore@https://registry.npmjs.org/ignore/-/ignore-5.3.2.tgz 0ms (cache hit)
npm http cache hermes-parser@https://registry.npmjs.org/hermes-parser/-/hermes-parser-0.25.1.tgz 0ms (cache hit)
npm http cache picomatch@https://registry.npmjs.org/picomatch/-/picomatch-4.0.4.tgz 0ms (cache hit)
npm http cache fdir@https://registry.npmjs.org/fdir/-/fdir-6.5.0.tgz 0ms (cache hit)
npm http cache babel-plugin-polyfill-corejs3@https://registry.npmjs.org/babel-plugin-polyfill-corejs3/-/babel-plugin-polyfill-corejs3-0.13.0.tgz 0ms (cache hit)
npm http cache escape-string-regexp@https://registry.npmjs.org/escape-string-regexp/-/escape-string-regexp-1.0.5.tgz 0ms (cache hit)
npm http cache ansi-styles@https://registry.npmjs.org/ansi-styles/-/ansi-styles-5.2.0.tgz 0ms (cache hit)
npm http cache encodeurl@https://registry.npmjs.org/encodeurl/-/encodeurl-2.0.0.tgz 0ms (cache hit)
npm http cache ms@https://registry.npmjs.org/ms/-/ms-2.0.0.tgz 0ms (cache hit)
npm http cache debug@https://registry.npmjs.org/debug/-/debug-2.6.9.tgz 0ms (cache hit)
npm http cache debug@https://registry.npmjs.org/debug/-/debug-2.6.9.tgz 0ms (cache hit)
npm http cache ms@https://registry.npmjs.org/ms/-/ms-2.0.0.tgz 0ms (cache hit)
npm http cache p-limit@https://registry.npmjs.org/p-limit/-/p-limit-2.3.0.tgz 0ms (cache hit)
npm http cache locate-path@https://registry.npmjs.org/locate-path/-/locate-path-5.0.0.tgz 0ms (cache hit)
npm http cache yargs-parser@https://registry.npmjs.org/yargs-parser/-/yargs-parser-18.1.3.tgz 0ms (cache hit)
npm http cache wrap-ansi@https://registry.npmjs.org/wrap-ansi/-/wrap-ansi-6.2.0.tgz 0ms (cache hit)
npm http cache y18n@https://registry.npmjs.org/y18n/-/y18n-4.0.3.tgz 0ms (cache hit)
npm http cache find-up@https://registry.npmjs.org/find-up/-/find-up-4.1.0.tgz 0ms (cache hit)
npm http cache cliui@https://registry.npmjs.org/cliui/-/cliui-6.0.0.tgz 0ms (cache hit)
npm http cache p-locate@https://registry.npmjs.org/p-locate/-/p-locate-4.1.0.tgz 0ms (cache hit)
npm http cache yargs@https://registry.npmjs.org/yargs/-/yargs-15.4.1.tgz 0ms (cache hit)
npm http cache semver@https://registry.npmjs.org/semver/-/semver-7.8.2.tgz 0ms (cache hit)
npm http cache @react-native-community/cli-tools@https://registry.npmjs.org/@react-native-community/cli-tools/-/cli-tools-20.1.0.tgz 0ms (cache hit)
npm http cache fast-xml-parser@https://registry.npmjs.org/fast-xml-parser/-/fast-xml-parser-5.8.0.tgz 0ms (cache hit)
npm http cache argparse@https://registry.npmjs.org/argparse/-/argparse-2.0.1.tgz 0ms (cache hit)
npm http cache js-yaml@https://registry.npmjs.org/js-yaml/-/js-yaml-4.2.0.tgz 0ms (cache hit)
npm http cache glob-parent@https://registry.npmjs.org/glob-parent/-/glob-parent-5.1.2.tgz 0ms (cache hit)
npm http cache semver@https://registry.npmjs.org/semver/-/semver-7.8.2.tgz 0ms (cache hit)
npm http cache strnum@https://registry.npmjs.org/strnum/-/strnum-2.3.0.tgz 0ms (cache hit)
npm http cache fast-xml-parser@https://registry.npmjs.org/fast-xml-parser/-/fast-xml-parser-5.8.0.tgz 0ms (cache hit)
npm http cache @react-native-community/cli-config-android@https://registry.npmjs.org/@react-native-community/cli-config-android/-/cli-config-android-20.1.3.tgz 0ms (cache hit)
npm http cache semver@https://registry.npmjs.org/semver/-/semver-7.8.2.tgz 0ms (cache hit)
npm http cache @react-native-community/cli-platform-android@https://registry.npmjs.org/@react-native-community/cli-platform-android/-/cli-platform-android-20.1.3.tgz 0ms (cache hit)
npm http cache @react-native-community/cli-platform-ios@https://registry.npmjs.org/@react-native-community/cli-platform-ios/-/cli-platform-ios-20.1.3.tgz 0ms (cache hit)
npm http cache ws@https://registry.npmjs.org/ws/-/ws-7.5.11.tgz 0ms (cache hit)
npm http cache react-is@https://registry.npmjs.org/react-is/-/react-is-19.2.7.tgz 0ms (cache hit)
npm http cache commander@https://registry.npmjs.org/commander/-/commander-12.1.0.tgz 0ms (cache hit)
npm http cache balanced-match@https://registry.npmjs.org/balanced-match/-/balanced-match-1.0.2.tgz 0ms (cache hit)
npm http cache semver@https://registry.npmjs.org/semver/-/semver-7.8.2.tgz 0ms (cache hit)
npm http cache minimatch@https://registry.npmjs.org/minimatch/-/minimatch-3.1.5.tgz 0ms (cache hit)
npm http cache argparse@https://registry.npmjs.org/argparse/-/argparse-2.0.1.tgz 0ms (cache hit)
npm http cache brace-expansion@https://registry.npmjs.org/brace-expansion/-/brace-expansion-1.1.15.tgz 0ms (cache hit)
npm http cache js-yaml@https://registry.npmjs.org/js-yaml/-/js-yaml-4.2.0.tgz 0ms (cache hit)
npm http cache ignore@https://registry.npmjs.org/ignore/-/ignore-5.3.2.tgz 0ms (cache hit)
npm http cache semver@https://registry.npmjs.org/semver/-/semver-7.8.2.tgz 0ms (cache hit)
npm http cache @react-native-community/cli-tools@https://registry.npmjs.org/@react-native-community/cli-tools/-/cli-tools-20.1.0.tgz 0ms (cache hit)
npm http cache eslint-scope@https://registry.npmjs.org/eslint-scope/-/eslint-scope-7.2.2.tgz 0ms (cache hit)
npm http cache @react-native-community/cli-config-apple@https://registry.npmjs.org/@react-native-community/cli-config-apple/-/cli-config-apple-20.1.0.tgz 0ms (cache hit)
npm http cache @react-native-community/cli-platform-apple@https://registry.npmjs.org/@react-native-community/cli-platform-apple/-/cli-platform-apple-20.1.0.tgz 0ms (cache hit)
npm http cache semver@https://registry.npmjs.org/semver/-/semver-7.8.2.tgz 0ms (cache hit)
npm http cache @react-native-community/cli-tools@https://registry.npmjs.org/@react-native-community/cli-tools/-/cli-tools-20.1.0.tgz 0ms (cache hit)
npm http cache semver@https://registry.npmjs.org/semver/-/semver-7.8.2.tgz 0ms (cache hit)
npm http cache eslint-visitor-keys@https://registry.npmjs.org/eslint-visitor-keys/-/eslint-visitor-keys-3.4.3.tgz 0ms (cache hit)
npm http cache strnum@https://registry.npmjs.org/strnum/-/strnum-2.3.0.tgz 0ms (cache hit)
npm http fetch POST 200 https://registry.npmjs.org/-/npm/v1/security/advisories/bulk 26786ms
npm warn deprecated inflight@1.0.6: This module is not supported, and leaks memory. Do not use it. Check out lru-cache if you want a good and tested way to coalesce async requests by a key value, which is much more comprehensive and powerful.
npm warn deprecated @humanwhocodes/config-array@0.13.0: Use @eslint/config-array instead
npm warn deprecated rimraf@3.0.2: Rimraf versions prior to v4 are no longer supported
npm warn deprecated glob@7.2.3: Old versions of glob are not supported, and contain widely publicized security vulnerabilities, which have been fixed in the current version. Please update. Support for old versions may be purchased (at exorbitant rates) by contacting i@izs.me
npm warn deprecated @humanwhocodes/object-schema@2.0.3: Use @eslint/object-schema instead
npm http fetch GET 200 https://registry.npmjs.org/string.prototype.trim/-/string.prototype.trim-1.2.11.tgz 36628ms (cache miss)
npm http fetch GET 200 https://registry.npmjs.org/string.prototype.trimend/-/string.prototype.trimend-1.0.10.tgz 38096ms (cache miss)
npm http fetch GET 200 https://registry.npmjs.org/which-typed-array/-/which-typed-array-1.1.22.tgz 38120ms (cache miss)
npm http fetch GET 200 https://registry.npmjs.org/fast-xml-parser 16755ms (cache revalidated)
npm http fetch GET 200 https://registry.npmjs.org/baseline-browser-mapping/-/baseline-browser-mapping-2.10.34.tgz 42702ms (cache miss)
npm http cache https://registry.npmjs.org/@react-native-community%2fcli-config-android 5123ms (cache hit)
npm http cache https://registry.npmjs.org/@react-native-community%2fcli-platform-apple 5122ms (cache hit)
npm http fetch GET 200 https://registry.npmjs.org/@react-native-community%2fcli-platform-android 4959ms (cache revalidated)
npm http cache https://registry.npmjs.org/@react-native-community%2fcli-platform-ios 3631ms (cache hit)
npm http fetch GET 200 https://registry.npmjs.org/@types/react/-/react-19.2.17.tgz 56792ms (cache miss)
npm http fetch GET 200 https://registry.npmjs.org/@types/node/-/node-25.9.2.tgz 81170ms (cache miss)
npm warn deprecated eslint@8.57.1: This version is no longer supported. Please see https://eslint.org/version-support for other options.
npm http fetch GET 200 https://registry.npmjs.org/caniuse-lite/-/caniuse-lite-1.0.30001797.tgz 100776ms (cache miss)
npm warn tar TAR_ENTRY_ERROR ENOENT: no such file or directory, open '/Users/mac/React-native/Zaiqah/mobile/node_modules/react-native/flow/global.js'
npm warn tar TAR_ENTRY_ERROR ENOENT: no such file or directory, open '/Users/mac/React-native/Zaiqah/mobile/node_modules/react-native/flow/HermesInternalType.js'
npm warn tar TAR_ENTRY_ERROR ENOENT: no such file or directory, open '/Users/mac/React-native/Zaiqah/mobile/node_modules/react-native/Libraries/ReactPrivate/ReactNativePrivateInitializeCore.js'
npm warn tar TAR_ENTRY_ERROR ENOENT: no such file or directory, open '/Users/mac/React-native/Zaiqah/mobile/node_modules/react-native/Libraries/ReactPrivate/ReactNativePrivateInterface.js'
npm warn tar TAR_ENTRY_ERROR ENOENT: no such file or directory, open '/Users/mac/React-native/Zaiqah/mobile/node_modules/react-native/Libraries/Settings/Settings.ios.js'
npm warn tar TAR_ENTRY_ERROR ENOENT: no such file or directory, open '/Users/mac/React-native/Zaiqah/mobile/node_modules/react-native/Libraries/Settings/Settings.js'
npm warn tar TAR_ENTRY_ERROR ENOENT: no such file or directory, open '/Users/mac/React-native/Zaiqah/mobile/node_modules/react-native/Libraries/Settings/SettingsFallback.js'
npm warn tar TAR_ENTRY_ERROR ENOENT: no such file or directory, open '/Users/mac/React-native/Zaiqah/mobile/node_modules/react-native/flow/Stringish.js'
npm warn tar TAR_ENTRY_ERROR ENOENT: no such file or directory, open '/Users/mac/React-native/Zaiqah/mobile/node_modules/react-native/Libraries/Debugging/useSubscribeToDebuggingOverlayRegistry.js'
npm warn tar TAR_ENTRY_ERROR ENOENT: no such file or directory, open '/Users/mac/React-native/Zaiqah/mobile/node_modules/react-native/Libraries/Vibration/Vibration.js'
npm warn tar TAR_ENTRY_ERROR ENOENT: no such file or directory, open '/Users/mac/React-native/Zaiqah/mobile/node_modules/react-native/Libraries/WebSocket/WebSocket.js'
npm warn tar TAR_ENTRY_ERROR ENOENT: no such file or directory, open '/Users/mac/React-native/Zaiqah/mobile/node_modules/react-native/Libraries/WebSocket/WebSocketInterceptor.js'
npm warn tar TAR_ENTRY_ERROR ENOENT: no such file or directory, open '/Users/mac/React-native/Zaiqah/mobile/node_modules/react-native/Libraries/Text/Text/NSTextStorage+FontScaling.m'
npm warn tar TAR_ENTRY_ERROR ENOENT: no such file or directory, open '/Users/mac/React-native/Zaiqah/mobile/node_modules/react-native/React/Views/RCTActivityIndicatorView.m'
npm warn tar TAR_ENTRY_ERROR ENOENT: no such file or directory, open '/Users/mac/React-native/Zaiqah/mobile/node_modules/react-native/React/Views/RCTActivityIndicatorViewManager.m'
npm warn tar TAR_ENTRY_ERROR ENOENT: no such file or directory, open '/Users/mac/React-native/Zaiqah/mobile/node_modules/react-native/React/Views/RCTBorderDrawing.m'
npm warn tar TAR_ENTRY_ERROR ENOENT: no such file or directory, open '/Users/mac/React-native/Zaiqah/mobile/node_modules/react-native/React/Views/RCTConvert+CoreLocation.m'
npm warn tar TAR_ENTRY_ERROR ENOENT: no such file or directory, open '/Users/mac/React-native/Zaiqah/mobile/node_modules/react-native/React/Views/RCTConvert+Transform.m'
npm warn tar TAR_ENTRY_ERROR ENOENT: no such file or directory, open '/Users/mac/React-native/Zaiqah/mobile/node_modules/react-native/React/Views/RCTDebuggingOverlay.m'
npm warn tar TAR_ENTRY_ERROR ENOENT: no such file or directory, open '/Users/mac/React-native/Zaiqah/mobile/node_modules/react-native/React/Views/RCTDebuggingOverlayManager.m'
npm warn tar TAR_ENTRY_ERROR ENOENT: no such file or directory, open '/Users/mac/React-native/Zaiqah/mobile/node_modules/react-native/React/DevSupport/RCTDevLoadingViewSetEnabled.m'
npm warn tar TAR_ENTRY_ERROR ENOENT: no such file or directory, open '/Users/mac/React-native/Zaiqah/mobile/node_modules/react-native/React/Modules/RCTEventEmitter.m'
npm warn tar TAR_ENTRY_ERROR ENOENT: no such file or directory, open '/Users/mac/React-native/Zaiqah/mobile/node_modules/react-native/React/Modules/RCTI18nUtil.m'
npm warn tar TAR_ENTRY_ERROR ENOENT: no such file or directory, open '/Users/mac/React-native/Zaiqah/mobile/node_modules/react-native/React/Views/RCTLayout.m'
npm warn tar TAR_ENTRY_ERROR ENOENT: no such file or directory, open '/Users/mac/React-native/Zaiqah/mobile/node_modules/react-native/React/Modules/RCTLayoutAnimation.m'
npm warn tar TAR_ENTRY_ERROR ENOENT: no such file or directory, open '/Users/mac/React-native/Zaiqah/mobile/node_modules/react-native/React/Modules/RCTLayoutAnimationGroup.m'
npm warn tar TAR_ENTRY_ERROR ENOENT: no such file or directory, open '/Users/mac/React-native/Zaiqah/mobile/node_modules/react-native/React/Views/RCTModalHostView.m'
npm warn tar TAR_ENTRY_ERROR ENOENT: no such file or directory, open '/Users/mac/React-native/Zaiqah/mobile/node_modules/react-native/React/Views/RCTModalHostViewController.m'
npm warn tar TAR_ENTRY_ERROR ENOENT: no such file or directory, open '/Users/mac/React-native/Zaiqah/mobile/node_modules/react-native/React/Views/RCTModalHostViewManager.m'
npm warn tar TAR_ENTRY_ERROR ENOENT: no such file or directory, open '/Users/mac/React-native/Zaiqah/mobile/node_modules/react-native/React/Views/RCTModalManager.m'
npm warn tar TAR_ENTRY_ERROR ENOENT: no such file or directory, open '/Users/mac/React-native/Zaiqah/mobile/node_modules/react-native/React/DevSupport/RCTPackagerClient.m'
npm warn tar TAR_ENTRY_ERROR ENOENT: no such file or directory, open '/Users/mac/React-native/Zaiqah/mobile/node_modules/react-native/React/Profiler/RCTProfile.m'
npm warn tar TAR_ENTRY_ERROR ENOENT: no such file or directory, open '/Users/mac/React-native/Zaiqah/mobile/node_modules/react-native/Libraries/WebSocket/RCTReconnectingWebSocket.m'
npm warn tar TAR_ENTRY_ERROR ENOENT: no such file or directory, open '/Users/mac/React-native/Zaiqah/mobile/node_modules/react-native/React/Modules/RCTRedBoxExtraDataViewController.m'
npm warn tar TAR_ENTRY_ERROR ENOENT: no such file or directory, open '/Users/mac/React-native/Zaiqah/mobile/node_modules/react-native/React/Views/RefreshControl/RCTRefreshControl.m'
npm warn tar TAR_ENTRY_ERROR ENOENT: no such file or directory, open '/Users/mac/React-native/Zaiqah/mobile/node_modules/react-native/React/Views/RefreshControl/RCTRefreshControlManager.m'
npm warn tar TAR_ENTRY_ERROR ENOENT: no such file or directory, open '/Users/mac/React-native/Zaiqah/mobile/node_modules/react-native/React/Views/RCTRootShadowView.m'
npm warn tar TAR_ENTRY_ERROR ENOENT: no such file or directory, open '/Users/mac/React-native/Zaiqah/mobile/node_modules/react-native/React/Views/SafeAreaView/RCTSafeAreaShadowView.m'
npm warn tar TAR_ENTRY_ERROR ENOENT: no such file or directory, open '/Users/mac/React-native/Zaiqah/mobile/node_modules/react-native/React/Views/SafeAreaView/RCTSafeAreaView.m'
npm warn tar TAR_ENTRY_ERROR ENOENT: no such file or directory, open '/Users/mac/React-native/Zaiqah/mobile/node_modules/react-native/React/Views/SafeAreaView/RCTSafeAreaViewLocalData.m'
npm warn tar TAR_ENTRY_ERROR ENOENT: no such file or directory, open '/Users/mac/React-native/Zaiqah/mobile/node_modules/react-native/React/Views/SafeAreaView/RCTSafeAreaViewManager.m'
npm warn tar TAR_ENTRY_ERROR ENOENT: no such file or directory, open '/Users/mac/React-native/Zaiqah/mobile/node_modules/react-native/React/Views/ScrollView/RCTScrollContentShadowView.m'
npm warn tar TAR_ENTRY_ERROR ENOENT: no such file or directory, open '/Users/mac/React-native/Zaiqah/mobile/node_modules/react-native/React/Views/ScrollView/RCTScrollContentView.m'
npm warn tar TAR_ENTRY_ERROR ENOENT: no such file or directory, open '/Users/mac/React-native/Zaiqah/mobile/node_modules/react-native/React/Views/ScrollView/RCTScrollContentViewManager.m'
npm warn tar TAR_ENTRY_ERROR ENOENT: no such file or directory, open '/Users/mac/React-native/Zaiqah/mobile/node_modules/react-native/React/Views/ScrollView/RCTScrollEvent.m'
npm warn tar TAR_ENTRY_ERROR ENOENT: no such file or directory, open '/Users/mac/React-native/Zaiqah/mobile/node_modules/react-native/React/Views/ScrollView/RCTScrollView.m'
npm warn tar TAR_ENTRY_ERROR ENOENT: no such file or directory, open '/Users/mac/React-native/Zaiqah/mobile/node_modules/react-native/React/Views/ScrollView/RCTScrollViewManager.m'
npm warn tar TAR_ENTRY_ERROR ENOENT: no such file or directory, open '/Users/mac/React-native/Zaiqah/mobile/node_modules/react-native/React/Views/RCTShadowView.m'
npm warn tar TAR_ENTRY_ERROR ENOENT: no such file or directory, open '/Users/mac/React-native/Zaiqah/mobile/node_modules/react-native/React/Views/RCTShadowView+Internal.m'
npm warn tar TAR_ENTRY_ERROR ENOENT: no such file or directory, open '/Users/mac/React-native/Zaiqah/mobile/node_modules/react-native/React/Views/RCTShadowView+Layout.m'
npm warn tar TAR_ENTRY_ERROR ENOENT: no such file or directory, open '/Users/mac/React-native/Zaiqah/mobile/node_modules/react-native/React/Modules/RCTSurfacePresenterStub.m'
npm warn tar TAR_ENTRY_ERROR ENOENT: no such file or directory, open '/Users/mac/React-native/Zaiqah/mobile/node_modules/react-native/ReactApple/RCTSwiftUIWrapper/RCTSwiftUIContainerViewWrapper.m'
npm warn tar TAR_ENTRY_ERROR ENOENT: no such file or directory, open '/Users/mac/React-native/Zaiqah/mobile/node_modules/react-native/React/Views/RCTSwitch.m'
npm warn tar TAR_ENTRY_ERROR ENOENT: no such file or directory, open '/Users/mac/React-native/Zaiqah/mobile/node_modules/react-native/React/Views/RCTSwitchManager.m'
npm warn tar TAR_ENTRY_ERROR ENOENT: no such file or directory, open '/Users/mac/React-native/Zaiqah/mobile/node_modules/react-native/React/Modules/RCTUIManagerUtils.m'
npm warn tar TAR_ENTRY_ERROR ENOENT: no such file or directory, open '/Users/mac/React-native/Zaiqah/mobile/node_modules/react-native/React/Views/RCTView.m'
npm warn tar TAR_ENTRY_ERROR ENOENT: no such file or directory, open '/Users/mac/React-native/Zaiqah/mobile/node_modules/react-native/React/Views/RCTViewManager.m'
npm warn tar TAR_ENTRY_ERROR ENOENT: no such file or directory, open '/Users/mac/React-native/Zaiqah/mobile/node_modules/react-native/React/Views/RCTViewUtils.m'
npm warn tar TAR_ENTRY_ERROR ENOENT: no such file or directory, open '/Users/mac/React-native/Zaiqah/mobile/node_modules/react-native/Libraries/Wrapper/Example/RCTWrapperExampleView.m'
npm warn tar TAR_ENTRY_ERROR ENOENT: no such file or directory, open '/Users/mac/React-native/Zaiqah/mobile/node_modules/react-native/Libraries/Wrapper/Example/RCTWrapperExampleViewController.m'
npm warn tar TAR_ENTRY_ERROR ENOENT: no such file or directory, open '/Users/mac/React-native/Zaiqah/mobile/node_modules/react-native/Libraries/Wrapper/Example/RCTWrapperReactRootViewController.m'
npm warn tar TAR_ENTRY_ERROR ENOENT: no such file or directory, open '/Users/mac/React-native/Zaiqah/mobile/node_modules/react-native/Libraries/Wrapper/Example/RCTWrapperReactRootViewManager.m'
npm warn tar TAR_ENTRY_ERROR ENOENT: no such file or directory, open '/Users/mac/React-native/Zaiqah/mobile/node_modules/react-native/Libraries/Wrapper/RCTWrapperShadowView.m'
npm warn tar TAR_ENTRY_ERROR ENOENT: no such file or directory, open '/Users/mac/React-native/Zaiqah/mobile/node_modules/react-native/Libraries/Wrapper/RCTWrapperView.m'
npm warn tar TAR_ENTRY_ERROR ENOENT: no such file or directory, open '/Users/mac/React-native/Zaiqah/mobile/node_modules/react-native/React/Views/RCTWrapperViewController.m'
npm warn tar TAR_ENTRY_ERROR ENOENT: no such file or directory, open '/Users/mac/React-native/Zaiqah/mobile/node_modules/react-native/Libraries/Wrapper/RCTWrapperViewControllerHostingView.m'
npm warn tar TAR_ENTRY_ERROR ENOENT: no such file or directory, open '/Users/mac/React-native/Zaiqah/mobile/node_modules/react-native/Libraries/Wrapper/RCTWrapperViewManager.m'
npm warn tar TAR_ENTRY_ERROR ENOENT: no such file or directory, open '/Users/mac/React-native/Zaiqah/mobile/node_modules/react-native/React/Views/UIView+React.m'
npm warn tar TAR_ENTRY_ERROR ENOENT: no such file or directory, open '/Users/mac/React-native/Zaiqah/mobile/node_modules/react-native/React/CoreModules/CoreModulesPlugins.mm'
npm warn tar TAR_ENTRY_ERROR ENOENT: no such file or directory, open '/Users/mac/React-native/Zaiqah/mobile/node_modules/react-native/React/FBReactNativeSpec/FBReactNativeSpec/FBReactNativeSpec-generated.mm'
npm warn tar TAR_ENTRY_ERROR ENOENT: no such file or directory, open '/Users/mac/React-native/Zaiqah/mobile/node_modules/react-native/React/CxxBridge/NSDataBigString.mm'
npm warn tar TAR_ENTRY_ERROR ENOENT: no such file or directory, open '/Users/mac/React-native/Zaiqah/mobile/node_modules/react-native/React/Fabric/Utils/PlatformRunLoopObserver.mm'
npm warn tar TAR_ENTRY_ERROR ENOENT: no such file or directory, open '/Users/mac/React-native/Zaiqah/mobile/node_modules/react-native/React/CoreModules/RCTAccessibilityManager.mm'
npm warn tar TAR_ENTRY_ERROR ENOENT: no such file or directory, open '/Users/mac/React-native/Zaiqah/mobile/node_modules/react-native/React/CoreModules/RCTActionSheetManager.mm'
npm warn tar TAR_ENTRY_ERROR ENOENT: no such file or directory, open '/Users/mac/React-native/Zaiqah/mobile/node_modules/react-native/Libraries/NativeAnimation/Nodes/RCTAdditionAnimatedNode.mm'
npm warn tar TAR_ENTRY_ERROR ENOENT: no such file or directory, open '/Users/mac/React-native/Zaiqah/mobile/node_modules/react-native/React/CoreModules/RCTAlertController.mm'
npm warn tar TAR_ENTRY_ERROR ENOENT: no such file or directory, open '/Users/mac/React-native/Zaiqah/mobile/node_modules/react-native/React/CoreModules/RCTAlertManager.mm'
npm warn tar TAR_ENTRY_ERROR ENOENT: no such file or directory, open '/Users/mac/React-native/Zaiqah/mobile/node_modules/react-native/ReactApple/RCTAnimatedModuleProvider/RCTAnimatedModuleProvider.mm'
npm warn tar TAR_ENTRY_ERROR ENOENT: no such file or directory, open '/Users/mac/React-native/Zaiqah/mobile/node_modules/react-native/Libraries/NativeAnimation/Nodes/RCTAnimatedNode.mm'
npm warn tar TAR_ENTRY_ERROR ENOENT: no such file or directory, open '/Users/mac/React-native/Zaiqah/mobile/node_modules/react-native/Libraries/NativeAnimation/RCTAnimationPlugins.mm'
npm warn tar TAR_ENTRY_ERROR ENOENT: no such file or directory, open '/Users/mac/React-native/Zaiqah/mobile/node_modules/react-native/Libraries/NativeAnimation/RCTAnimationUtils.mm'
npm warn tar TAR_ENTRY_ERROR ENOENT: no such file or directory, open '/Users/mac/React-native/Zaiqah/mobile/node_modules/react-native/Libraries/AppDelegate/RCTAppDelegate.mm'
npm warn tar TAR_ENTRY_ERROR ENOENT: no such file or directory, open '/Users/mac/React-native/Zaiqah/mobile/node_modules/react-native/React/CoreModules/RCTAppearance.mm'
npm warn tar TAR_ENTRY_ERROR ENOENT: no such file or directory, open '/Users/mac/React-native/Zaiqah/mobile/node_modules/react-native/Libraries/AppDelegate/RCTAppSetupUtils.mm'
npm warn tar TAR_ENTRY_ERROR ENOENT: no such file or directory, open '/Users/mac/React-native/Zaiqah/mobile/node_modules/react-native/React/CoreModules/RCTAppState.mm'
npm warn tar TAR_ENTRY_ERROR ENOENT: no such file or directory, open '/Users/mac/React-native/Zaiqah/mobile/node_modules/react-native/React/Fabric/Utils/RCTBackgroundImageUtils.mm'
npm warn tar TAR_ENTRY_ERROR ENOENT: no such file or directory, open '/Users/mac/React-native/Zaiqah/mobile/node_modules/react-native/Libraries/Text/BaseText/RCTBaseTextShadowView.mm'
npm warn tar TAR_ENTRY_ERROR ENOENT: no such file or directory, open '/Users/mac/React-native/Zaiqah/mobile/node_modules/react-native/Libraries/Text/BaseText/RCTBaseTextViewManager.mm'
npm warn tar TAR_ENTRY_ERROR ENOENT: no such file or directory, open '/Users/mac/React-native/Zaiqah/mobile/node_modules/react-native/React/Fabric/Utils/RCTBoxShadow.mm'
npm warn tar TAR_ENTRY_ERROR ENOENT: no such file or directory, open '/Users/mac/React-native/Zaiqah/mobile/node_modules/react-native/React/CoreModules/RCTClipboard.mm'
npm warn tar TAR_ENTRY_ERROR ENOENT: no such file or directory, open '/Users/mac/React-native/Zaiqah/mobile/node_modules/react-native/Libraries/NativeAnimation/Nodes/RCTColorAnimatedNode.mm'
npm warn tar TAR_ENTRY_ERROR ENOENT: no such file or directory, open '/Users/mac/React-native/Zaiqah/mobile/node_modules/react-native/React/Fabric/Utils/RCTColorSpaceUtils.mm'
npm warn tar TAR_ENTRY_ERROR ENOENT: no such file or directory, open '/Users/mac/React-native/Zaiqah/mobile/node_modules/react-native/React/Views/RCTComponentData.mm'
npm warn tar TAR_ENTRY_ERROR ENOENT: no such file or directory, open '/Users/mac/React-native/Zaiqah/mobile/node_modules/react-native/Libraries/TypeSafety/RCTConvertHelpers.mm'
npm warn tar TAR_ENTRY_ERROR ENOENT: no such file or directory, open '/Users/mac/React-native/Zaiqah/mobile/node_modules/react-native/React/CxxBridge/RCTCxxBridge.mm'
npm warn tar TAR_ENTRY_ERROR ENOENT: no such file or directory, open '/Users/mac/React-native/Zaiqah/mobile/node_modules/react-native/React/Inspector/RCTCxxInspectorPackagerConnection.mm'
npm warn tar TAR_ENTRY_ERROR ENOENT: no such file or directory, open '/Users/mac/React-native/Zaiqah/mobile/node_modules/react-native/React/Inspector/RCTCxxInspectorPackagerConnectionDelegate.mm'
npm warn tar TAR_ENTRY_ERROR ENOENT: no such file or directory, open '/Users/mac/React-native/Zaiqah/mobile/node_modules/react-native/React/Inspector/RCTCxxInspectorWebSocketAdapter.mm'
npm warn tar TAR_ENTRY_ERROR ENOENT: no such file or directory, open '/Users/mac/React-native/Zaiqah/mobile/node_modules/react-native/React/CxxModule/RCTCxxMethod.mm'
npm warn tar TAR_ENTRY_ERROR ENOENT: no such file or directory, open '/Users/mac/React-native/Zaiqah/mobile/node_modules/react-native/React/CxxModule/RCTCxxUtils.mm'
npm warn tar TAR_ENTRY_ERROR ENOENT: no such file or directory, open '/Users/mac/React-native/Zaiqah/mobile/node_modules/react-native/Libraries/NativeAnimation/Drivers/RCTDecayAnimation.mm'
npm warn tar TAR_ENTRY_ERROR ENOENT: no such file or directory, open '/Users/mac/React-native/Zaiqah/mobile/node_modules/react-native/React/CxxLogUtils/RCTDefaultCxxLogFunction.mm'
npm warn tar TAR_ENTRY_ERROR ENOENT: no such file or directory, open '/Users/mac/React-native/Zaiqah/mobile/node_modules/react-native/Libraries/AppDelegate/RCTDefaultReactNativeFactoryDelegate.mm'
npm warn tar TAR_ENTRY_ERROR ENOENT: no such file or directory, open '/Users/mac/React-native/Zaiqah/mobile/node_modules/react-native/React/CoreModules/RCTDeviceInfo.mm'
npm warn tar TAR_ENTRY_ERROR ENOENT: no such file or directory, open '/Users/mac/React-native/Zaiqah/mobile/node_modules/react-native/React/CoreModules/RCTDevLoadingView.mm'
npm warn tar TAR_ENTRY_ERROR ENOENT: no such file or directory, open '/Users/mac/React-native/Zaiqah/mobile/node_modules/react-native/React/CoreModules/RCTDevMenu.mm'
npm warn tar TAR_ENTRY_ERROR ENOENT: no such file or directory, open '/Users/mac/React-native/Zaiqah/mobile/node_modules/react-native/React/CoreModules/RCTDevMenuConfigurationDecorator.mm'
npm warn tar TAR_ENTRY_ERROR ENOENT: no such file or directory, open '/Users/mac/React-native/Zaiqah/mobile/node_modules/react-native/React/CoreModules/RCTDevSettings.mm'
npm warn tar TAR_ENTRY_ERROR ENOENT: no such file or directory, open '/Users/mac/React-native/Zaiqah/mobile/node_modules/react-native/React/CoreModules/RCTDevToolsRuntimeSettingsModule.mm'
npm warn tar TAR_ENTRY_ERROR ENOENT: no such file or directory, open '/Users/mac/React-native/Zaiqah/mobile/node_modules/react-native/Libraries/NativeAnimation/Nodes/RCTDiffClampAnimatedNode.mm'
npm warn tar TAR_ENTRY_ERROR ENOENT: no such file or directory, open '/Users/mac/React-native/Zaiqah/mobile/node_modules/react-native/Libraries/NativeAnimation/Nodes/RCTDivisionAnimatedNode.mm'
npm warn tar TAR_ENTRY_ERROR ENOENT: no such file or directory, open '/Users/mac/React-native/Zaiqah/mobile/node_modules/react-native/Libraries/Text/Text/RCTDynamicTypeRamp.mm'
npm warn tar TAR_ENTRY_ERROR ENOENT: no such file or directory, open '/Users/mac/React-native/Zaiqah/mobile/node_modules/react-native/Libraries/NativeAnimation/Drivers/RCTEventAnimation.mm'
npm warn tar TAR_ENTRY_ERROR ENOENT: no such file or directory, open '/Users/mac/React-native/Zaiqah/mobile/node_modules/react-native/React/CoreModules/RCTEventDispatcher.mm'
npm warn tar TAR_ENTRY_ERROR ENOENT: no such file or directory, open '/Users/mac/React-native/Zaiqah/mobile/node_modules/react-native/React/CoreModules/RCTExceptionsManager.mm'
npm warn tar TAR_ENTRY_ERROR ENOENT: no such file or directory, open '/Users/mac/React-native/Zaiqah/mobile/node_modules/react-native/React/Fabric/Surface/RCTFabricSurface.mm'
npm warn tar TAR_ENTRY_ERROR ENOENT: no such file or directory, open '/Users/mac/React-native/Zaiqah/mobile/node_modules/react-native/React/Views/RCTFont.mm'
npm warn tar TAR_ENTRY_ERROR ENOENT: no such file or directory, open '/Users/mac/React-native/Zaiqah/mobile/node_modules/react-native/React/CoreModules/RCTFPSGraph.mm'
npm warn tar TAR_ENTRY_ERROR ENOENT: no such file or directory, open '/Users/mac/React-native/Zaiqah/mobile/node_modules/react-native/Libraries/NativeAnimation/Drivers/RCTFrameAnimation.mm'
npm warn tar TAR_ENTRY_ERROR ENOENT: no such file or directory, open '/Users/mac/React-native/Zaiqah/mobile/node_modules/react-native/React/DevSupport/RCTFrameTimingsObserver.mm'
npm warn tar TAR_ENTRY_ERROR ENOENT: no such file or directory, open '/Users/mac/React-native/Zaiqah/mobile/node_modules/react-native/React/Fabric/Utils/RCTGenericDelegateSplitter.mm'
npm warn tar TAR_ENTRY_ERROR ENOENT: no such file or directory, open '/Users/mac/React-native/Zaiqah/mobile/node_modules/react-native/React/Fabric/Utils/RCTGradientUtils.mm'
npm warn tar TAR_ENTRY_ERROR ENOENT: no such file or directory, open '/Users/mac/React-native/Zaiqah/mobile/node_modules/react-native/React/Runtime/RCTHermesInstanceFactory.mm'
npm warn tar TAR_ENTRY_ERROR ENOENT: no such file or directory, open '/Users/mac/React-native/Zaiqah/mobile/node_modules/react-native/React/CoreModules/RCTI18nManager.mm'
npm warn tar TAR_ENTRY_ERROR ENOENT: no such file or directory, open '/Users/mac/React-native/Zaiqah/mobile/node_modules/react-native/React/Inspector/RCTInspector.mm'
npm warn tar TAR_ENTRY_ERROR ENOENT: no such file or directory, open '/Users/mac/React-native/Zaiqah/mobile/node_modules/react-native/React/DevSupport/RCTInspectorDevServerHelper.mm'
npm warn tar TAR_ENTRY_ERROR ENOENT: no such file or directory, open '/Users/mac/React-native/Zaiqah/mobile/node_modules/react-native/React/DevSupport/RCTInspectorNetworkHelper.mm'
npm warn tar TAR_ENTRY_ERROR ENOENT: no such file or directory, open '/Users/mac/React-native/Zaiqah/mobile/node_modules/react-native/React/DevSupport/RCTInspectorUtils.mm'
npm warn tar TAR_ENTRY_ERROR ENOENT: no such file or directory, open '/Users/mac/React-native/Zaiqah/mobile/node_modules/react-native/Libraries/NativeAnimation/Nodes/RCTInterpolationAnimatedNode.mm'
npm warn tar TAR_ENTRY_ERROR ENOENT: no such file or directory, open '/Users/mac/React-native/Zaiqah/mobile/node_modules/react-native/React/CoreModules/RCTJscSafeUrl.mm'
npm warn tar TAR_ENTRY_ERROR ENOENT: no such file or directory, open '/Users/mac/React-native/Zaiqah/mobile/node_modules/react-native/React/CxxBridge/RCTJSIExecutorRuntimeInstaller.mm'
npm warn tar TAR_ENTRY_ERROR ENOENT: no such file or directory, open '/Users/mac/React-native/Zaiqah/mobile/node_modules/react-native/React/CoreModules/RCTKeyboardObserver.mm'
npm warn tar TAR_ENTRY_ERROR ENOENT: no such file or directory, open '/Users/mac/React-native/Zaiqah/mobile/node_modules/react-native/React/Fabric/Utils/RCTLinearGradient.mm'
npm warn tar TAR_ENTRY_ERROR ENOENT: no such file or directory, open '/Users/mac/React-native/Zaiqah/mobile/node_modules/react-native/Libraries/LinkingIOS/RCTLinkingManager.mm'
npm warn tar TAR_ENTRY_ERROR ENOENT: no such file or directory, open '/Users/mac/React-native/Zaiqah/mobile/node_modules/react-native/Libraries/LinkingIOS/RCTLinkingPlugins.mm'
npm warn tar TAR_ENTRY_ERROR ENOENT: no such file or directory, open '/Users/mac/React-native/Zaiqah/mobile/node_modules/react-native/React/CoreModules/RCTLogBox.mm'
npm warn tar TAR_ENTRY_ERROR ENOENT: no such file or directory, open '/Users/mac/React-native/Zaiqah/mobile/node_modules/react-native/React/CoreModules/RCTLogBoxView.mm'
npm warn tar TAR_ENTRY_ERROR ENOENT: no such file or directory, open '/Users/mac/React-native/Zaiqah/mobile/node_modules/react-native/React/CxxBridge/RCTMessageThread.mm'
npm warn tar TAR_ENTRY_ERROR ENOENT: no such file or directory, open '/Users/mac/React-native/Zaiqah/mobile/node_modules/react-native/Libraries/NativeAnimation/Nodes/RCTModuloAnimatedNode.mm'
npm warn tar TAR_ENTRY_ERROR ENOENT: no such file or directory, open '/Users/mac/React-native/Zaiqah/mobile/node_modules/react-native/Libraries/Text/TextInput/Multiline/RCTMultilineTextInputView.mm'
npm warn tar TAR_ENTRY_ERROR ENOENT: no such file or directory, open '/Users/mac/React-native/Zaiqah/mobile/node_modules/react-native/Libraries/Text/TextInput/Multiline/RCTMultilineTextInputViewManager.mm'
npm warn tar TAR_ENTRY_ERROR ENOENT: no such file or directory, open '/Users/mac/React-native/Zaiqah/mobile/node_modules/react-native/Libraries/NativeAnimation/Nodes/RCTMultiplicationAnimatedNode.mm'
npm warn tar TAR_ENTRY_ERROR ENOENT: no such file or directory, open '/Users/mac/React-native/Zaiqah/mobile/node_modules/react-native/Libraries/NativeAnimation/RCTNativeAnimatedModule.mm'
npm warn tar TAR_ENTRY_ERROR ENOENT: no such file or directory, open '/Users/mac/React-native/Zaiqah/mobile/node_modules/react-native/Libraries/NativeAnimation/RCTNativeAnimatedNodesManager.mm'
npm warn tar TAR_ENTRY_ERROR ENOENT: no such file or directory, open '/Users/mac/React-native/Zaiqah/mobile/node_modules/react-native/Libraries/NativeAnimation/RCTNativeAnimatedTurboModule.mm'
npm warn tar TAR_ENTRY_ERROR ENOENT: no such file or directory, open '/Users/mac/React-native/Zaiqah/mobile/node_modules/react-native/React/CxxModule/RCTNativeModule.mm'
npm warn tar TAR_ENTRY_ERROR ENOENT: no such file or directory, open '/Users/mac/React-native/Zaiqah/mobile/node_modules/react-native/React/CxxBridge/RCTObjcExecutor.mm'
npm warn tar TAR_ENTRY_ERROR ENOENT: no such file or directory, open '/Users/mac/React-native/Zaiqah/mobile/node_modules/react-native/Libraries/NativeAnimation/Nodes/RCTObjectAnimatedNode.mm'
npm warn tar TAR_ENTRY_ERROR ENOENT: no such file or directory, open '/Users/mac/React-native/Zaiqah/mobile/node_modules/react-native/React/DevSupport/RCTPackagerConnection.mm'
npm warn tar TAR_ENTRY_ERROR ENOENT: no such file or directory, open '/Users/mac/React-native/Zaiqah/mobile/node_modules/react-native/React/DevSupport/RCTPausedInDebuggerOverlayController.mm'
npm warn tar TAR_ENTRY_ERROR ENOENT: no such file or directory, open '/Users/mac/React-native/Zaiqah/mobile/node_modules/react-native/React/CoreModules/RCTPerfMonitor.mm'
npm warn tar TAR_ENTRY_ERROR ENOENT: no such file or directory, open '/Users/mac/React-native/Zaiqah/mobile/node_modules/react-native/React/CoreModules/RCTPlatform.mm'
npm warn tar TAR_ENTRY_ERROR ENOENT: no such file or directory, open '/Users/mac/React-native/Zaiqah/mobile/node_modules/react-native/Libraries/NativeAnimation/Nodes/RCTPropsAnimatedNode.mm'
npm warn tar TAR_ENTRY_ERROR ENOENT: no such file or directory, open '/Users/mac/React-native/Zaiqah/mobile/node_modules/react-native/React/Fabric/Utils/RCTRadialGradient.mm'
npm warn tar TAR_ENTRY_ERROR ENOENT: no such file or directory, open '/Users/mac/React-native/Zaiqah/mobile/node_modules/react-native/Libraries/Text/RawText/RCTRawTextShadowView.mm'
npm warn tar TAR_ENTRY_ERROR ENOENT: no such file or directory, open '/Users/mac/React-native/Zaiqah/mobile/node_modules/react-native/Libraries/Text/RawText/RCTRawTextViewManager.mm'
npm warn tar TAR_ENTRY_ERROR ENOENT: no such file or directory, open '/Users/mac/React-native/Zaiqah/mobile/node_modules/react-native/Libraries/AppDelegate/RCTReactNativeFactory.mm'
npm warn tar TAR_ENTRY_ERROR ENOENT: no such file or directory, open '/Users/mac/React-native/Zaiqah/mobile/node_modules/react-native/React/Fabric/Utils/RCTReactTaggedView.mm'
npm warn tar TAR_ENTRY_ERROR ENOENT: no such file or directory, open '/Users/mac/React-native/Zaiqah/mobile/node_modules/react-native/React/CoreModules/RCTRedBox.mm'
npm warn tar TAR_ENTRY_ERROR ENOENT: no such file or directory, open '/Users/mac/React-native/Zaiqah/mobile/node_modules/react-native/React/CoreModules/RCTRedBox2AnsiParser.mm'
npm warn tar TAR_ENTRY_ERROR ENOENT: no such file or directory, open '/Users/mac/React-native/Zaiqah/mobile/node_modules/react-native/React/CoreModules/RCTRedBox2Controller.mm'
npm warn tar TAR_ENTRY_ERROR ENOENT: no such file or directory, open '/Users/mac/React-native/Zaiqah/mobile/node_modules/react-native/React/CoreModules/RCTRedBox2ErrorParser.mm'
npm warn tar TAR_ENTRY_ERROR ENOENT: no such file or directory, open '/Users/mac/React-native/Zaiqah/mobile/node_modules/react-native/React/CoreModules/RCTRedBoxController.mm'
npm warn tar TAR_ENTRY_ERROR ENOENT: no such file or directory, open '/Users/mac/React-native/Zaiqah/mobile/node_modules/react-native/React/CoreModules/RCTRedBoxHMRClient.mm'
npm warn tar TAR_ENTRY_ERROR ENOENT: no such file or directory, open '/Users/mac/React-native/Zaiqah/mobile/node_modules/react-native/Libraries/AppDelegate/RCTRootViewFactory.mm'
npm warn tar TAR_ENTRY_ERROR ENOENT: no such file or directory, open '/Users/mac/React-native/Zaiqah/mobile/node_modules/react-native/Libraries/Settings/RCTSettingsManager.mm'
npm warn tar TAR_ENTRY_ERROR ENOENT: no such file or directory, open '/Users/mac/React-native/Zaiqah/mobile/node_modules/react-native/Libraries/Settings/RCTSettingsPlugins.mm'
npm warn tar TAR_ENTRY_ERROR ENOENT: no such file or directory, open '/Users/mac/React-native/Zaiqah/mobile/node_modules/react-native/Libraries/Text/TextInput/Singleline/RCTSinglelineTextInputView.mm'
npm warn tar TAR_ENTRY_ERROR ENOENT: no such file or directory, open '/Users/mac/React-native/Zaiqah/mobile/node_modules/react-native/Libraries/Text/TextInput/Singleline/RCTSinglelineTextInputViewManager.mm'
npm warn tar TAR_ENTRY_ERROR ENOENT: no such file or directory, open '/Users/mac/React-native/Zaiqah/mobile/node_modules/react-native/React/CoreModules/RCTSourceCode.mm'
npm warn tar TAR_ENTRY_ERROR ENOENT: no such file or directory, open '/Users/mac/React-native/Zaiqah/mobile/node_modules/react-native/Libraries/NativeAnimation/Drivers/RCTSpringAnimation.mm'
npm warn tar TAR_ENTRY_ERROR ENOENT: no such file or directory, lstat '/Users/mac/React-native/Zaiqah/mobile/node_modules/react-native/React/CoreModules/PlatformStubs'
npm warn tar TAR_ENTRY_ERROR ENOENT: no such file or directory, open '/Users/mac/React-native/Zaiqah/mobile/node_modules/react-native/React/CoreModules/RCTStatusBarManager.mm'
npm warn tar TAR_ENTRY_ERROR ENOENT: no such file or directory, open '/Users/mac/React-native/Zaiqah/mobile/node_modules/react-native/Libraries/NativeAnimation/Nodes/RCTStyleAnimatedNode.mm'
npm warn tar TAR_ENTRY_ERROR ENOENT: no such file or directory, open '/Users/mac/React-native/Zaiqah/mobile/node_modules/react-native/Libraries/NativeAnimation/Nodes/RCTSubtractionAnimatedNode.mm'
npm warn tar TAR_ENTRY_ERROR ENOENT: no such file or directory, open '/Users/mac/React-native/Zaiqah/mobile/node_modules/react-native/React/Base/Surface/SurfaceHostingView/RCTSurfaceHostingProxyRootView.mm'
npm warn tar TAR_ENTRY_ERROR ENOENT: no such file or directory, open '/Users/mac/React-native/Zaiqah/mobile/node_modules/react-native/React/Base/Surface/SurfaceHostingView/RCTSurfaceHostingView.mm'
npm warn tar TAR_ENTRY_ERROR ENOENT: no such file or directory, open '/Users/mac/React-native/Zaiqah/mobile/node_modules/react-native/React/Base/Surface/SurfaceHostingView/RCTSurfaceSizeMeasureMode.mm'
npm warn tar TAR_ENTRY_ERROR ENOENT: no such file or directory, open '/Users/mac/React-native/Zaiqah/mobile/node_modules/react-native/Libraries/Text/Text/RCTTextShadowView.mm'
npm warn tar TAR_ENTRY_ERROR ENOENT: no such file or directory, open '/Users/mac/React-native/Zaiqah/mobile/node_modules/react-native/Libraries/Text/Text/RCTTextView.mm'
npm warn tar TAR_ENTRY_ERROR ENOENT: no such file or directory, open '/Users/mac/React-native/Zaiqah/mobile/node_modules/react-native/Libraries/Text/Text/RCTTextViewManager.mm'
npm warn tar TAR_ENTRY_ERROR ENOENT: no such file or directory, open '/Users/mac/React-native/Zaiqah/mobile/node_modules/react-native/React/CoreModules/RCTTiming.mm'
npm warn tar TAR_ENTRY_ERROR ENOENT: no such file or directory, open '/Users/mac/React-native/Zaiqah/mobile/node_modules/react-native/Libraries/NativeAnimation/Nodes/RCTTrackingAnimatedNode.mm'
npm warn tar TAR_ENTRY_ERROR ENOENT: no such file or directory, open '/Users/mac/React-native/Zaiqah/mobile/node_modules/react-native/Libraries/NativeAnimation/Nodes/RCTTransformAnimatedNode.mm'
npm warn tar TAR_ENTRY_ERROR ENOENT: no such file or directory, open '/Users/mac/React-native/Zaiqah/mobile/node_modules/react-native/Libraries/TypeSafety/RCTTypedModuleConstants.mm'
npm warn tar TAR_ENTRY_ERROR ENOENT: no such file or directory, open '/Users/mac/React-native/Zaiqah/mobile/node_modules/react-native/React/Modules/RCTUIManager.mm'
npm warn tar TAR_ENTRY_ERROR ENOENT: no such file or directory, open '/Users/mac/React-native/Zaiqah/mobile/node_modules/react-native/React/Modules/RCTUIManagerObserverCoordinator.mm'
npm warn tar TAR_ENTRY_ERROR ENOENT: no such file or directory, open '/Users/mac/React-native/Zaiqah/mobile/node_modules/react-native/Libraries/Text/TextInput/Singleline/RCTUITextField.mm'
npm warn tar TAR_ENTRY_ERROR ENOENT: no such file or directory, open '/Users/mac/React-native/Zaiqah/mobile/node_modules/react-native/Libraries/Text/TextInput/Multiline/RCTUITextView.mm'
npm warn tar TAR_ENTRY_ERROR ENOENT: no such file or directory, open '/Users/mac/React-native/Zaiqah/mobile/node_modules/react-native/Libraries/NativeAnimation/Nodes/RCTValueAnimatedNode.mm'
npm warn tar TAR_ENTRY_ERROR ENOENT: no such file or directory, open '/Users/mac/React-native/Zaiqah/mobile/node_modules/react-native/Libraries/Vibration/RCTVibration.mm'
npm warn tar TAR_ENTRY_ERROR ENOENT: no such file or directory, open '/Users/mac/React-native/Zaiqah/mobile/node_modules/react-native/Libraries/Vibration/RCTVibrationPlugins.mm'
npm warn tar TAR_ENTRY_ERROR ENOENT: no such file or directory, open '/Users/mac/React-native/Zaiqah/mobile/node_modules/react-native/Libraries/Text/VirtualText/RCTVirtualTextShadowView.mm'
npm warn tar TAR_ENTRY_ERROR ENOENT: no such file or directory, open '/Users/mac/React-native/Zaiqah/mobile/node_modules/react-native/Libraries/Text/VirtualText/RCTVirtualTextView.mm'
npm warn tar TAR_ENTRY_ERROR ENOENT: no such file or directory, open '/Users/mac/React-native/Zaiqah/mobile/node_modules/react-native/Libraries/Text/VirtualText/RCTVirtualTextViewManager.mm'
npm warn tar TAR_ENTRY_ERROR ENOENT: no such file or directory, open '/Users/mac/React-native/Zaiqah/mobile/node_modules/react-native/React/CoreModules/RCTWebSocketModule.mm'
npm warn tar TAR_ENTRY_ERROR ENOENT: no such file or directory, lstat '/Users/mac/React-native/Zaiqah/mobile/node_modules/react-native/sdks/hermes-engine'
npm warn tar TAR_ENTRY_ERROR ENOENT: no such file or directory, open '/Users/mac/React-native/Zaiqah/mobile/node_modules/react-native/Libraries/Required/RCTRequired.podspec'
npm warn tar TAR_ENTRY_ERROR ENOENT: no such file or directory, open '/Users/mac/React-native/Zaiqah/mobile/node_modules/react-native/ReactApple/RCTSwiftUIWrapper/RCTSwiftUIWrapper.podspec'
npm warn tar TAR_ENTRY_ERROR ENOENT: no such file or directory, open '/Users/mac/React-native/Zaiqah/mobile/node_modules/react-native/Libraries/TypeSafety/RCTTypeSafety.podspec'
npm warn tar TAR_ENTRY_ERROR ENOENT: no such file or directory, open '/Users/mac/React-native/Zaiqah/mobile/node_modules/react-native/React/CoreModules/React-CoreModules.podspec'
npm warn tar TAR_ENTRY_ERROR ENOENT: no such file or directory, open '/Users/mac/React-native/Zaiqah/mobile/node_modules/react-native/ReactCommon/react/nativemodule/defaults/React-defaultsnativemodule.podspec'
npm warn tar TAR_ENTRY_ERROR ENOENT: no such file or directory, open '/Users/mac/React-native/Zaiqah/mobile/node_modules/react-native/ReactCommon/react/nativemodule/dom/React-domnativemodule.podspec'
npm warn tar TAR_ENTRY_ERROR ENOENT: no such file or directory, open '/Users/mac/React-native/Zaiqah/mobile/node_modules/react-native/ReactCommon/react/nativemodule/featureflags/React-featureflagsnativemodule.podspec'
npm warn tar TAR_ENTRY_ERROR ENOENT: no such file or directory, open '/Users/mac/React-native/Zaiqah/mobile/node_modules/react-native/ReactCommon/react/nativemodule/idlecallbacks/React-idlecallbacksnativemodule.podspec'
npm warn tar TAR_ENTRY_ERROR ENOENT: no such file or directory, open '/Users/mac/React-native/Zaiqah/mobile/node_modules/react-native/ReactCommon/react/nativemodule/intersectionobserver/React-intersectionobservernativemodule.podspec'
npm warn tar TAR_ENTRY_ERROR ENOENT: no such file or directory, open '/Users/mac/React-native/Zaiqah/mobile/node_modules/react-native/ReactCommon/logger/React-logger.podspec'
npm warn tar TAR_ENTRY_ERROR ENOENT: no such file or directory, open '/Users/mac/React-native/Zaiqah/mobile/node_modules/react-native/ReactCommon/react/nativemodule/microtasks/React-microtasksnativemodule.podspec'
npm warn tar TAR_ENTRY_ERROR ENOENT: no such file or directory, open '/Users/mac/React-native/Zaiqah/mobile/node_modules/react-native/ReactCommon/react/nativemodule/mutationobserver/React-mutationobservernativemodule.podspec'
npm warn tar TAR_ENTRY_ERROR ENOENT: no such file or directory, open '/Users/mac/React-native/Zaiqah/mobile/node_modules/react-native/ReactCommon/oscompat/React-oscompat.podspec'
npm warn tar TAR_ENTRY_ERROR ENOENT: no such file or directory, open '/Users/mac/React-native/Zaiqah/mobile/node_modules/react-native/ReactCommon/react/performance/cdpmetrics/React-performancecdpmetrics.podspec'
npm warn tar TAR_ENTRY_ERROR ENOENT: no such file or directory, open '/Users/mac/React-native/Zaiqah/mobile/node_modules/react-native/Libraries/ActionSheetIOS/React-RCTActionSheet.podspec'
npm warn tar TAR_ENTRY_ERROR ENOENT: no such file or directory, open '/Users/mac/React-native/Zaiqah/mobile/node_modules/react-native/Libraries/NativeAnimation/React-RCTAnimation.podspec'
npm warn tar TAR_ENTRY_ERROR ENOENT: no such file or directory, open '/Users/mac/React-native/Zaiqah/mobile/node_modules/react-native/Libraries/AppDelegate/React-RCTAppDelegate.podspec'
npm warn tar TAR_ENTRY_ERROR ENOENT: no such file or directory, open '/Users/mac/React-native/Zaiqah/mobile/node_modules/react-native/Libraries/LinkingIOS/React-RCTLinking.podspec'
npm warn tar TAR_ENTRY_ERROR ENOENT: no such file or directory, open '/Users/mac/React-native/Zaiqah/mobile/node_modules/react-native/React/Runtime/React-RCTRuntime.podspec'
npm warn tar TAR_ENTRY_ERROR ENOENT: no such file or directory, open '/Users/mac/React-native/Zaiqah/mobile/node_modules/react-native/Libraries/Settings/React-RCTSettings.podspec'
npm warn tar TAR_ENTRY_ERROR ENOENT: no such file or directory, open '/Users/mac/React-native/Zaiqah/mobile/node_modules/react-native/Libraries/Vibration/React-RCTVibration.podspec'
npm warn tar TAR_ENTRY_ERROR ENOENT: no such file or directory, open '/Users/mac/React-native/Zaiqah/mobile/node_modules/react-native/ReactCommon/react/renderer/consistency/React-rendererconsistency.podspec'
npm warn tar TAR_ENTRY_ERROR ENOENT: no such file or directory, open '/Users/mac/React-native/Zaiqah/mobile/node_modules/react-native/ReactCommon/react/nativemodule/webperformance/React-webperformancenativemodule.podspec'
npm warn tar TAR_ENTRY_ERROR ENOENT: no such file or directory, lstat '/Users/mac/React-native/Zaiqah/mobile/node_modules/react-native/sdks/hermes-engine'
npm warn tar TAR_ENTRY_ERROR ENOENT: no such file or directory, lstat '/Users/mac/React-native/Zaiqah/mobile/node_modules/react-native/sdks/hermes-engine'
npm warn tar TAR_ENTRY_ERROR ENOENT: no such file or directory, open '/Users/mac/React-native/Zaiqah/mobile/node_modules/react-native/React/Profiler/RCTProfileTrampoline-arm.S'
npm warn tar TAR_ENTRY_ERROR ENOENT: no such file or directory, open '/Users/mac/React-native/Zaiqah/mobile/node_modules/react-native/React/Profiler/RCTProfileTrampoline-arm64.S'
npm warn tar TAR_ENTRY_ERROR ENOENT: no such file or directory, open '/Users/mac/React-native/Zaiqah/mobile/node_modules/react-native/React/Profiler/RCTProfileTrampoline-i386.S'
npm warn tar TAR_ENTRY_ERROR ENOENT: no such file or directory, open '/Users/mac/React-native/Zaiqah/mobile/node_modules/react-native/React/Profiler/RCTProfileTrampoline-x86_64.S'
npm warn tar TAR_ENTRY_ERROR ENOENT: no such file or directory, open '/Users/mac/React-native/Zaiqah/mobile/node_modules/react-native/sdks/hermes-engine/utils/build-apple-framework.sh'
npm warn tar TAR_ENTRY_ERROR ENOENT: no such file or directory, open '/Users/mac/React-native/Zaiqah/mobile/node_modules/react-native/sdks/hermes-engine/utils/build-hermes-xcode.sh'
npm warn tar TAR_ENTRY_ERROR ENOENT: no such file or directory, open '/Users/mac/React-native/Zaiqah/mobile/node_modules/react-native/sdks/hermes-engine/utils/build-hermesc-xcode.sh'
npm warn tar TAR_ENTRY_ERROR ENOENT: no such file or directory, open '/Users/mac/React-native/Zaiqah/mobile/node_modules/react-native/sdks/hermes-engine/utils/build-ios-framework.sh'
npm warn tar TAR_ENTRY_ERROR ENOENT: no such file or directory, open '/Users/mac/React-native/Zaiqah/mobile/node_modules/react-native/sdks/hermes-engine/utils/build-mac-framework.sh'
npm warn tar TAR_ENTRY_ERROR ENOENT: no such file or directory, open '/Users/mac/React-native/Zaiqah/mobile/node_modules/react-native/scripts/xcode/ccache-clang.sh'
npm warn tar TAR_ENTRY_ERROR ENOENT: no such file or directory, open '/Users/mac/React-native/Zaiqah/mobile/node_modules/react-native/scripts/xcode/ccache-clang++.sh'
npm warn tar TAR_ENTRY_ERROR ENOENT: no such file or directory, open '/Users/mac/React-native/Zaiqah/mobile/node_modules/react-native/sdks/hermes-engine/utils/copy-hermes-xcode.sh'
npm warn tar TAR_ENTRY_ERROR ENOENT: no such file or directory, open '/Users/mac/React-native/Zaiqah/mobile/node_modules/react-native/sdks/hermes-engine/utils/create-dummy-hermes-xcframework.sh'
npm warn tar TAR_ENTRY_ERROR ENOENT: no such file or directory, open '/Users/mac/React-native/Zaiqah/mobile/node_modules/react-native/scripts/xcode/with-environment.sh'
npm warn tar TAR_ENTRY_ERROR ENOENT: no such file or directory, open '/Users/mac/React-native/Zaiqah/mobile/node_modules/react-native/React/I18n/strings/ar.lproj/Localizable.strings'
npm warn tar TAR_ENTRY_ERROR ENOENT: no such file or directory, open '/Users/mac/React-native/Zaiqah/mobile/node_modules/react-native/React/I18n/strings/cs.lproj/Localizable.strings'
npm warn tar TAR_ENTRY_ERROR ENOENT: no such file or directory, open '/Users/mac/React-native/Zaiqah/mobile/node_modules/react-native/React/I18n/strings/da.lproj/Localizable.strings'
npm warn tar TAR_ENTRY_ERROR ENOENT: no such file or directory, open '/Users/mac/React-native/Zaiqah/mobile/node_modules/react-native/React/I18n/strings/de.lproj/Localizable.strings'
npm warn tar TAR_ENTRY_ERROR ENOENT: no such file or directory, open '/Users/mac/React-native/Zaiqah/mobile/node_modules/react-native/React/I18n/strings/el.lproj/Localizable.strings'
npm warn tar TAR_ENTRY_ERROR ENOENT: no such file or directory, open '/Users/mac/React-native/Zaiqah/mobile/node_modules/react-native/React/I18n/strings/en-GB.lproj/Localizable.strings'
npm warn tar TAR_ENTRY_ERROR ENOENT: no such file or directory, open '/Users/mac/React-native/Zaiqah/mobile/node_modules/react-native/React/I18n/strings/es-ES.lproj/Localizable.strings'
npm warn tar TAR_ENTRY_ERROR ENOENT: no such file or directory, open '/Users/mac/React-native/Zaiqah/mobile/node_modules/react-native/React/I18n/strings/es.lproj/Localizable.strings'
npm warn tar TAR_ENTRY_ERROR ENOENT: no such file or directory, open '/Users/mac/React-native/Zaiqah/mobile/node_modules/react-native/React/I18n/strings/fi.lproj/Localizable.strings'
npm warn tar TAR_ENTRY_ERROR ENOENT: no such file or directory, open '/Users/mac/React-native/Zaiqah/mobile/node_modules/react-native/React/I18n/strings/fr.lproj/Localizable.strings'
npm warn tar TAR_ENTRY_ERROR ENOENT: no such file or directory, open '/Users/mac/React-native/Zaiqah/mobile/node_modules/react-native/React/I18n/strings/he.lproj/Localizable.strings'
npm warn tar TAR_ENTRY_ERROR ENOENT: no such file or directory, open '/Users/mac/React-native/Zaiqah/mobile/node_modules/react-native/React/I18n/strings/hi.lproj/Localizable.strings'
npm warn tar TAR_ENTRY_ERROR ENOENT: no such file or directory, open '/Users/mac/React-native/Zaiqah/mobile/node_modules/react-native/React/I18n/strings/hr.lproj/Localizable.strings'
npm warn tar TAR_ENTRY_ERROR ENOENT: no such file or directory, open '/Users/mac/React-native/Zaiqah/mobile/node_modules/react-native/React/I18n/strings/hu.lproj/Localizable.strings'
npm warn tar TAR_ENTRY_ERROR ENOENT: no such file or directory, open '/Users/mac/React-native/Zaiqah/mobile/node_modules/react-native/React/I18n/strings/id.lproj/Localizable.strings'
npm warn tar TAR_ENTRY_ERROR ENOENT: no such file or directory, open '/Users/mac/React-native/Zaiqah/mobile/node_modules/react-native/React/I18n/strings/it.lproj/Localizable.strings'
npm warn tar TAR_ENTRY_ERROR ENOENT: no such file or directory, open '/Users/mac/React-native/Zaiqah/mobile/node_modules/react-native/React/I18n/strings/ja.lproj/Localizable.strings'
npm warn tar TAR_ENTRY_ERROR ENOENT: no such file or directory, open '/Users/mac/React-native/Zaiqah/mobile/node_modules/react-native/React/I18n/strings/ko.lproj/Localizable.strings'
npm warn tar TAR_ENTRY_ERROR ENOENT: no such file or directory, open '/Users/mac/React-native/Zaiqah/mobile/node_modules/react-native/React/I18n/strings/ms.lproj/Localizable.strings'
npm warn tar TAR_ENTRY_ERROR ENOENT: no such file or directory, open '/Users/mac/React-native/Zaiqah/mobile/node_modules/react-native/React/I18n/strings/nb.lproj/Localizable.strings'
npm warn tar TAR_ENTRY_ERROR ENOENT: no such file or directory, open '/Users/mac/React-native/Zaiqah/mobile/node_modules/react-native/React/I18n/strings/nl.lproj/Localizable.strings'
npm warn tar TAR_ENTRY_ERROR ENOENT: no such file or directory, open '/Users/mac/React-native/Zaiqah/mobile/node_modules/react-native/React/I18n/strings/pl.lproj/Localizable.strings'
npm warn tar TAR_ENTRY_ERROR ENOENT: no such file or directory, open '/Users/mac/React-native/Zaiqah/mobile/node_modules/react-native/React/I18n/strings/pt-PT.lproj/Localizable.strings'
npm warn tar TAR_ENTRY_ERROR ENOENT: no such file or directory, open '/Users/mac/React-native/Zaiqah/mobile/node_modules/react-native/React/I18n/strings/pt.lproj/Localizable.strings'
npm warn tar TAR_ENTRY_ERROR ENOENT: no such file or directory, open '/Users/mac/React-native/Zaiqah/mobile/node_modules/react-native/React/I18n/strings/ro.lproj/Localizable.strings'
npm warn tar TAR_ENTRY_ERROR ENOENT: no such file or directory, open '/Users/mac/React-native/Zaiqah/mobile/node_modules/react-native/React/I18n/strings/ru.lproj/Localizable.strings'
npm warn tar TAR_ENTRY_ERROR ENOENT: no such file or directory, open '/Users/mac/React-native/Zaiqah/mobile/node_modules/react-native/React/I18n/strings/sk.lproj/Localizable.strings'
npm warn tar TAR_ENTRY_ERROR ENOENT: no such file or directory, open '/Users/mac/React-native/Zaiqah/mobile/node_modules/react-native/React/I18n/strings/sv.lproj/Localizable.strings'
npm warn tar TAR_ENTRY_ERROR ENOENT: no such file or directory, open '/Users/mac/React-native/Zaiqah/mobile/node_modules/react-native/React/I18n/strings/th.lproj/Localizable.strings'
npm warn tar TAR_ENTRY_ERROR ENOENT: no such file or directory, open '/Users/mac/React-native/Zaiqah/mobile/node_modules/react-native/React/I18n/strings/tr.lproj/Localizable.strings'
npm warn tar TAR_ENTRY_ERROR ENOENT: no such file or directory, open '/Users/mac/React-native/Zaiqah/mobile/node_modules/react-native/React/I18n/strings/uk.lproj/Localizable.strings'
npm warn tar TAR_ENTRY_ERROR ENOENT: no such file or directory, open '/Users/mac/React-native/Zaiqah/mobile/node_modules/react-native/React/I18n/strings/vi.lproj/Localizable.strings'
npm warn tar TAR_ENTRY_ERROR ENOENT: no such file or directory, open '/Users/mac/React-native/Zaiqah/mobile/node_modules/react-native/React/I18n/strings/zh-Hans.lproj/Localizable.strings'
npm warn tar TAR_ENTRY_ERROR ENOENT: no such file or directory, open '/Users/mac/React-native/Zaiqah/mobile/node_modules/react-native/React/I18n/strings/zh-Hant-HK.lproj/Localizable.strings'
npm warn tar TAR_ENTRY_ERROR ENOENT: no such file or directory, open '/Users/mac/React-native/Zaiqah/mobile/node_modules/react-native/React/I18n/strings/zh-Hant.lproj/Localizable.strings'
npm warn tar TAR_ENTRY_ERROR ENOENT: no such file or directory, open '/Users/mac/React-native/Zaiqah/mobile/node_modules/react-native/React/I18n/strings/zu.lproj/Localizable.strings'
npm warn tar TAR_ENTRY_ERROR ENOENT: no such file or directory, open '/Users/mac/React-native/Zaiqah/mobile/node_modules/react-native/Libraries/Components/AccessibilityInfo/AccessibilityInfo.d.ts'
npm warn tar TAR_ENTRY_ERROR ENOENT: no such file or directory, open '/Users/mac/React-native/Zaiqah/mobile/node_modules/react-native/Libraries/ActionSheetIOS/ActionSheetIOS.d.ts'
npm warn tar TAR_ENTRY_ERROR ENOENT: no such file or directory, open '/Users/mac/React-native/Zaiqah/mobile/node_modules/react-native/Libraries/Components/ActivityIndicator/ActivityIndicator.d.ts'
npm warn tar TAR_ENTRY_ERROR ENOENT: no such file or directory, open '/Users/mac/React-native/Zaiqah/mobile/node_modules/react-native/Libraries/Components/Clipboard/Clipboard.d.ts'
npm warn tar TAR_ENTRY_ERROR ENOENT: no such file or directory, open '/Users/mac/React-native/Zaiqah/mobile/node_modules/react-native/src/private/devsupport/devmenu/DevMenu.d.ts'
npm warn tar TAR_ENTRY_ERROR ENOENT: no such file or directory, open '/Users/mac/React-native/Zaiqah/mobile/node_modules/react-native/Libraries/Components/DrawerAndroid/DrawerLayoutAndroid.d.ts'
npm warn tar TAR_ENTRY_ERROR ENOENT: no such file or directory, open '/Users/mac/React-native/Zaiqah/mobile/node_modules/react-native/Libraries/vendor/core/ErrorUtils.d.ts'
npm warn tar TAR_ENTRY_ERROR ENOENT: no such file or directory, open '/Users/mac/React-native/Zaiqah/mobile/node_modules/react-native/Libraries/vendor/emitter/EventEmitter.d.ts'
npm warn tar TAR_ENTRY_ERROR ENOENT: no such file or directory, open '/Users/mac/React-native/Zaiqah/mobile/node_modules/react-native/Libraries/Components/Keyboard/Keyboard.d.ts'
npm warn tar TAR_ENTRY_ERROR ENOENT: no such file or directory, open '/Users/mac/React-native/Zaiqah/mobile/node_modules/react-native/Libraries/Components/Keyboard/KeyboardAvoidingView.d.ts'
npm warn tar TAR_ENTRY_ERROR ENOENT: no such file or directory, open '/Users/mac/React-native/Zaiqah/mobile/node_modules/react-native/Libraries/Components/LayoutConformance/LayoutConformance.d.ts'
npm warn tar TAR_ENTRY_ERROR ENOENT: no such file or directory, open '/Users/mac/React-native/Zaiqah/mobile/node_modules/react-native/Libraries/BatchedBridge/NativeModules.d.ts'
npm warn tar TAR_ENTRY_ERROR ENOENT: no such file or directory, open '/Users/mac/React-native/Zaiqah/mobile/node_modules/react-native/Libraries/Settings/Settings.d.ts'
npm warn tar TAR_ENTRY_ERROR ENOENT: no such file or directory, open '/Users/mac/React-native/Zaiqah/mobile/node_modules/react-native/Libraries/Vibration/Vibration.d.ts'
npm warn tar TAR_ENTRY_ERROR ENOENT: no such file or directory, open '/Users/mac/React-native/Zaiqah/mobile/node_modules/react-native/ReactAndroid/src/main/jni/first-party/jni-lib-merge/CMakeLists.txt'
npm warn tar TAR_ENTRY_ERROR ENOENT: no such file or directory, open '/Users/mac/React-native/Zaiqah/mobile/node_modules/react-native/ReactAndroid/src/main/jni/react/devsupport/CMakeLists.txt'
npm warn tar TAR_ENTRY_ERROR ENOENT: no such file or directory, open '/Users/mac/React-native/Zaiqah/mobile/node_modules/react-native/ReactAndroid/src/main/jni/react/fabric/CMakeLists.txt'
npm warn tar TAR_ENTRY_ERROR ENOENT: no such file or directory, open '/Users/mac/React-native/Zaiqah/mobile/node_modules/react-native/ReactAndroid/src/main/jni/react/featureflags/CMakeLists.txt'
npm warn tar TAR_ENTRY_ERROR ENOENT: no such file or directory, open '/Users/mac/React-native/Zaiqah/mobile/node_modules/react-native/ReactAndroid/src/main/jni/react/jni/CMakeLists.txt'
npm warn tar TAR_ENTRY_ERROR ENOENT: no such file or directory, open '/Users/mac/React-native/Zaiqah/mobile/node_modules/react-native/ReactAndroid/src/main/jni/react/newarchdefaults/CMakeLists.txt'
npm warn tar TAR_ENTRY_ERROR ENOENT: no such file or directory, open '/Users/mac/React-native/Zaiqah/mobile/node_modules/react-native/ReactAndroid/src/main/jni/react/reactnativeblob/CMakeLists.txt'
npm warn tar TAR_ENTRY_ERROR ENOENT: no such file or directory, open '/Users/mac/React-native/Zaiqah/mobile/node_modules/react-native/ReactAndroid/src/main/jni/react/uimanager/CMakeLists.txt'
npm warn tar TAR_ENTRY_ERROR ENOENT: no such file or directory, open '/Users/mac/React-native/Zaiqah/mobile/node_modules/react-native/ReactAndroid/src/main/jni/third-party/glog/CMakeLists.txt'
npm warn tar TAR_ENTRY_ERROR ENOENT: no such file or directory, open '/Users/mac/React-native/Zaiqah/mobile/node_modules/react-native/ReactCommon/devtoolsruntimesettings/CMakeLists.txt'
npm warn tar TAR_ENTRY_ERROR ENOENT: no such file or directory, open '/Users/mac/React-native/Zaiqah/mobile/node_modules/react-native/ReactCommon/logger/CMakeLists.txt'
npm warn tar TAR_ENTRY_ERROR ENOENT: no such file or directory, open '/Users/mac/React-native/Zaiqah/mobile/node_modules/react-native/ReactCommon/oscompat/CMakeLists.txt'
npm warn tar TAR_ENTRY_ERROR ENOENT: no such file or directory, open '/Users/mac/React-native/Zaiqah/mobile/node_modules/react-native/ReactCommon/react/nativemodule/cputime/CMakeLists.txt'
npm warn tar TAR_ENTRY_ERROR ENOENT: no such file or directory, open '/Users/mac/React-native/Zaiqah/mobile/node_modules/react-native/ReactCommon/react/nativemodule/defaults/CMakeLists.txt'
npm warn tar TAR_ENTRY_ERROR ENOENT: no such file or directory, open '/Users/mac/React-native/Zaiqah/mobile/node_modules/react-native/ReactCommon/react/nativemodule/dom/CMakeLists.txt'
npm warn tar TAR_ENTRY_ERROR ENOENT: no such file or directory, open '/Users/mac/React-native/Zaiqah/mobile/node_modules/react-native/ReactCommon/react/nativemodule/fantomtestspecificmethods/CMakeLists.txt'
npm warn tar TAR_ENTRY_ERROR ENOENT: no such file or directory, open '/Users/mac/React-native/Zaiqah/mobile/node_modules/react-native/ReactCommon/react/nativemodule/featureflags/CMakeLists.txt'
npm warn tar TAR_ENTRY_ERROR ENOENT: no such file or directory, open '/Users/mac/React-native/Zaiqah/mobile/node_modules/react-native/ReactCommon/react/nativemodule/idlecallbacks/CMakeLists.txt'
npm warn tar TAR_ENTRY_ERROR ENOENT: no such file or directory, open '/Users/mac/React-native/Zaiqah/mobile/node_modules/react-native/ReactCommon/react/nativemodule/intersectionobserver/CMakeLists.txt'
npm warn tar TAR_ENTRY_ERROR ENOENT: no such file or directory, open '/Users/mac/React-native/Zaiqah/mobile/node_modules/react-native/ReactCommon/react/nativemodule/microtasks/CMakeLists.txt'
npm warn tar TAR_ENTRY_ERROR ENOENT: no such file or directory, open '/Users/mac/React-native/Zaiqah/mobile/node_modules/react-native/ReactCommon/react/nativemodule/mutationobserver/CMakeLists.txt'
npm warn tar TAR_ENTRY_ERROR ENOENT: no such file or directory, open '/Users/mac/React-native/Zaiqah/mobile/node_modules/react-native/ReactCommon/react/nativemodule/webperformance/CMakeLists.txt'
npm warn tar TAR_ENTRY_ERROR ENOENT: no such file or directory, open '/Users/mac/React-native/Zaiqah/mobile/node_modules/react-native/ReactCommon/react/performance/cdpmetrics/CMakeLists.txt'
npm warn tar TAR_ENTRY_ERROR ENOENT: no such file or directory, open '/Users/mac/React-native/Zaiqah/mobile/node_modules/react-native/ReactCommon/react/renderer/animated/CMakeLists.txt'
npm warn tar TAR_ENTRY_ERROR ENOENT: no such file or directory, open '/Users/mac/React-native/Zaiqah/mobile/node_modules/react-native/ReactCommon/react/renderer/animationbackend/CMakeLists.txt'
npm warn tar TAR_ENTRY_ERROR ENOENT: no such file or directory, open '/Users/mac/React-native/Zaiqah/mobile/node_modules/react-native/ReactCommon/react/renderer/animations/CMakeLists.txt'
npm warn tar TAR_ENTRY_ERROR ENOENT: no such file or directory, open '/Users/mac/React-native/Zaiqah/mobile/node_modules/react-native/ReactCommon/react/renderer/attributedstring/CMakeLists.txt'
npm warn tar TAR_ENTRY_ERROR ENOENT: no such file or directory, open '/Users/mac/React-native/Zaiqah/mobile/node_modules/react-native/ReactCommon/react/renderer/bridging/CMakeLists.txt'
npm warn tar TAR_ENTRY_ERROR ENOENT: no such file or directory, open '/Users/mac/React-native/Zaiqah/mobile/node_modules/react-native/ReactCommon/react/renderer/componentregistry/CMakeLists.txt'
npm warn tar TAR_ENTRY_ERROR ENOENT: no such file or directory, open '/Users/mac/React-native/Zaiqah/mobile/node_modules/react-native/ReactCommon/react/renderer/componentregistry/native/CMakeLists.txt'
npm warn tar TAR_ENTRY_ERROR ENOENT: no such file or directory, open '/Users/mac/React-native/Zaiqah/mobile/node_modules/react-native/ReactCommon/react/renderer/components/image/CMakeLists.txt'
npm warn tar TAR_ENTRY_ERROR ENOENT: no such file or directory, open '/Users/mac/React-native/Zaiqah/mobile/node_modules/react-native/ReactCommon/react/renderer/components/root/CMakeLists.txt'
npm warn tar TAR_ENTRY_ERROR ENOENT: no such file or directory, open '/Users/mac/React-native/Zaiqah/mobile/node_modules/react-native/ReactCommon/react/renderer/components/safeareaview/CMakeLists.txt'
npm warn tar TAR_ENTRY_ERROR ENOENT: no such file or directory, open '/Users/mac/React-native/Zaiqah/mobile/node_modules/react-native/ReactCommon/react/renderer/components/unimplementedview/CMakeLists.txt'
npm warn tar TAR_ENTRY_ERROR ENOENT: no such file or directory, open '/Users/mac/React-native/Zaiqah/mobile/node_modules/react-native/ReactCommon/react/renderer/consistency/CMakeLists.txt'
npm warn tar TAR_ENTRY_ERROR ENOENT: no such file or directory, open '/Users/mac/React-native/Zaiqah/mobile/node_modules/react-native/ReactCommon/react/renderer/core/CMakeLists.txt'
npm warn tar TAR_ENTRY_ERROR ENOENT: no such file or directory, open '/Users/mac/React-native/Zaiqah/mobile/node_modules/react-native/ReactCommon/react/renderer/dom/CMakeLists.txt'
npm warn tar TAR_ENTRY_ERROR ENOENT: no such file or directory, open '/Users/mac/React-native/Zaiqah/mobile/node_modules/react-native/ReactCommon/react/renderer/element/CMakeLists.txt'
npm warn tar TAR_ENTRY_ERROR ENOENT: no such file or directory, open '/Users/mac/React-native/Zaiqah/mobile/node_modules/react-native/ReactCommon/react/renderer/leakchecker/CMakeLists.txt'
npm warn tar TAR_ENTRY_ERROR ENOENT: no such file or directory, open '/Users/mac/React-native/Zaiqah/mobile/node_modules/react-native/ReactCommon/react/renderer/mapbuffer/CMakeLists.txt'
npm warn tar TAR_ENTRY_ERROR ENOENT: no such file or directory, open '/Users/mac/React-native/Zaiqah/mobile/node_modules/react-native/ReactCommon/react/renderer/mounting/CMakeLists.txt'
npm warn tar TAR_ENTRY_ERROR ENOENT: no such file or directory, open '/Users/mac/React-native/Zaiqah/mobile/node_modules/react-native/ReactCommon/react/renderer/observers/events/CMakeLists.txt'
npm warn tar TAR_ENTRY_ERROR ENOENT: no such file or directory, open '/Users/mac/React-native/Zaiqah/mobile/node_modules/react-native/ReactCommon/react/renderer/observers/intersection/CMakeLists.txt'
npm warn tar TAR_ENTRY_ERROR ENOENT: no such file or directory, open '/Users/mac/React-native/Zaiqah/mobile/node_modules/react-native/ReactCommon/react/renderer/observers/mutation/CMakeLists.txt'
npm warn tar TAR_ENTRY_ERROR ENOENT: no such file or directory, open '/Users/mac/React-native/Zaiqah/mobile/node_modules/react-native/ReactCommon/react/renderer/scheduler/CMakeLists.txt'
npm warn tar TAR_ENTRY_ERROR ENOENT: no such file or directory, open '/Users/mac/React-native/Zaiqah/mobile/node_modules/react-native/ReactCommon/react/renderer/telemetry/CMakeLists.txt'
npm warn tar TAR_ENTRY_ERROR ENOENT: no such file or directory, open '/Users/mac/React-native/Zaiqah/mobile/node_modules/react-native/ReactCommon/react/renderer/uimanager/CMakeLists.txt'
npm warn tar TAR_ENTRY_ERROR ENOENT: no such file or directory, open '/Users/mac/React-native/Zaiqah/mobile/node_modules/react-native/ReactCommon/react/renderer/uimanager/consistency/CMakeLists.txt'
npm warn tar TAR_ENTRY_ERROR ENOENT: no such file or directory, open '/Users/mac/React-native/Zaiqah/mobile/node_modules/react-native/ReactCommon/react/runtime/hermes/CMakeLists.txt'
npm warn tar TAR_ENTRY_ERROR ENOENT: no such file or directory, open '/Users/mac/React-native/Zaiqah/mobile/node_modules/react-native/ReactCommon/react/runtime/nativeviewconfig/CMakeLists.txt'
npm info run fsevents@2.3.3 install node_modules/fsevents node-gyp rebuild
npm info run fsevents@2.3.3 install { code: 1, signal: null }
npm verbose reify failed optional dependency /Users/mac/React-native/Zaiqah/mobile/node_modules/fsevents

added 899 packages, and audited 900 packages in 12m

185 packages are looking for funding
  run `npm fund` for details

5 moderate severity vulnerabilities

To address all issues, run:
  npm audit fix --force

Run `npm audit` for details.
npm verbose cwd /Users/mac/React-native/Zaiqah/mobile
npm verbose os Darwin 25.3.0
npm verbose node v23.7.0
npm verbose npm  v11.4.2
npm verbose exit 0
npm info ok
